20:50:36 loaded init /home/ubuntu/adapter-full/adapter_final.safetensors
20:50:36 drafter block 8 mask 248070 H 5120 | trainable 1924.4 M (full)
20:50:43 pack embed (248320, 5120) block 1024 | lm_head (248320, 5120) block 1024
20:50:43 126 shards in 1 dir(s) (2480000 train tokens in 124 shards), eval 39 docs from 2 held-out shard(s) | gen-only: 12649 generated eval tokens
20:50:45 [eval init] blocks 626 | per-position match [0.791, 0.597, 0.513, 0.423, 0.343, 0.304, 0.264] | tokens/cycle 3.55 (ratio 0.364)
20:50:45 train: ~77500 steps (2.0 epoch(s), stride 4, batch 16, lr 2e-05)
20:50:55 step 50/77500 loss 2.531 ema 2.632 lr 1.00e-05 | 0.20 s/step | ETA 255 min | mem 23.6 GB
20:51:03 step 100/77500 loss 0.099 ema 2.769 lr 2.00e-05 | 0.18 s/step | ETA 231 min | mem 23.6 GB
20:51:11 step 150/77500 loss 2.894 ema 2.720 lr 2.00e-05 | 0.17 s/step | ETA 223 min | mem 23.6 GB
20:51:19 step 200/77500 loss 3.633 ema 2.260 lr 2.00e-05 | 0.17 s/step | ETA 221 min | mem 23.6 GB
20:51:27 step 250/77500 loss 3.394 ema 2.647 lr 2.00e-05 | 0.17 s/step | ETA 218 min | mem 23.6 GB
20:51:35 step 300/77500 loss 3.792 ema 2.874 lr 2.00e-05 | 0.17 s/step | ETA 216 min | mem 23.6 GB
20:51:45 step 350/77500 loss 2.920 ema 2.967 lr 2.00e-05 | 0.17 s/step | ETA 221 min | mem 23.6 GB
20:51:53 step 400/77500 loss 0.376 ema 2.999 lr 2.00e-05 | 0.17 s/step | ETA 219 min | mem 23.6 GB
20:52:01 step 450/77500 loss 3.628 ema 2.852 lr 2.00e-05 | 0.17 s/step | ETA 218 min | mem 23.6 GB
20:52:11 step 500/77500 loss 2.515 ema 2.905 lr 2.00e-05 | 0.17 s/step | ETA 222 min | mem 23.6 GB
20:52:16 saved ckpt 81 tensors
20:52:24 step 550/77500 loss 3.392 ema 2.987 lr 2.00e-05 | 0.18 s/step | ETA 231 min | mem 23.6 GB
20:52:32 step 600/77500 loss 2.866 ema 2.831 lr 2.00e-05 | 0.18 s/step | ETA 229 min | mem 23.6 GB
20:52:44 step 650/77500 loss 3.228 ema 2.472 lr 2.00e-05 | 0.18 s/step | ETA 235 min | mem 23.6 GB
20:52:52 step 700/77500 loss 0.449 ema 2.566 lr 2.00e-05 | 0.18 s/step | ETA 233 min | mem 23.6 GB
20:53:00 step 750/77500 loss 0.621 ema 2.305 lr 2.00e-05 | 0.18 s/step | ETA 231 min | mem 23.6 GB
20:53:10 step 800/77500 loss 3.266 ema 2.580 lr 2.00e-05 | 0.18 s/step | ETA 232 min | mem 23.6 GB
20:53:18 step 850/77500 loss 4.221 ema 2.597 lr 2.00e-05 | 0.18 s/step | ETA 230 min | mem 23.6 GB
20:53:26 step 900/77500 loss 2.510 ema 2.614 lr 2.00e-05 | 0.18 s/step | ETA 228 min | mem 23.6 GB
20:53:35 step 950/77500 loss 2.386 ema 2.677 lr 2.00e-05 | 0.18 s/step | ETA 229 min | mem 23.6 GB
20:53:43 step 1000/77500 loss 4.553 ema 3.051 lr 2.00e-05 | 0.18 s/step | ETA 228 min | mem 23.6 GB
20:54:04 saved ckpt 81 tensors
20:54:13 step 1050/77500 loss 2.443 ema 2.393 lr 2.00e-05 | 0.20 s/step | ETA 252 min | mem 23.6 GB
20:54:21 step 1100/77500 loss 0.192 ema 2.113 lr 2.00e-05 | 0.20 s/step | ETA 250 min | mem 23.6 GB
20:54:31 step 1150/77500 loss 3.422 ema 2.541 lr 2.00e-05 | 0.20 s/step | ETA 250 min | mem 23.6 GB
20:54:39 step 1200/77500 loss 1.632 ema 2.522 lr 2.00e-05 | 0.20 s/step | ETA 248 min | mem 23.6 GB
20:54:47 step 1250/77500 loss 4.152 ema 2.390 lr 2.00e-05 | 0.19 s/step | ETA 246 min | mem 23.6 GB
20:54:57 step 1300/77500 loss 3.175 ema 2.795 lr 2.00e-05 | 0.19 s/step | ETA 246 min | mem 23.6 GB
20:55:05 step 1350/77500 loss 3.544 ema 2.907 lr 2.00e-05 | 0.19 s/step | ETA 244 min | mem 23.6 GB
20:55:13 step 1400/77500 loss 3.441 ema 2.978 lr 2.00e-05 | 0.19 s/step | ETA 243 min | mem 23.6 GB
20:55:23 step 1450/77500 loss 0.752 ema 2.871 lr 2.00e-05 | 0.19 s/step | ETA 243 min | mem 23.6 GB
20:55:31 step 1500/77500 loss 0.965 ema 2.322 lr 2.00e-05 | 0.19 s/step | ETA 242 min | mem 23.6 GB
20:55:52 saved ckpt 81 tensors
20:56:00 step 1550/77500 loss 2.257 ema 2.443 lr 2.00e-05 | 0.20 s/step | ETA 257 min | mem 23.6 GB
20:56:10 step 1600/77500 loss 2.268 ema 2.358 lr 2.00e-05 | 0.20 s/step | ETA 257 min | mem 23.6 GB
20:56:18 step 1650/77500 loss 3.267 ema 2.491 lr 2.00e-05 | 0.20 s/step | ETA 255 min | mem 23.6 GB
20:56:26 step 1700/77500 loss 2.288 ema 2.295 lr 2.00e-05 | 0.20 s/step | ETA 254 min | mem 23.6 GB
20:56:36 step 1750/77500 loss 3.325 ema 2.503 lr 2.00e-05 | 0.20 s/step | ETA 253 min | mem 23.6 GB
20:56:44 step 1800/77500 loss 2.142 ema 2.663 lr 2.00e-05 | 0.20 s/step | ETA 252 min | mem 23.6 GB
20:56:52 step 1850/77500 loss 3.322 ema 2.467 lr 2.00e-05 | 0.20 s/step | ETA 250 min | mem 23.6 GB
20:57:02 step 1900/77500 loss 0.944 ema 2.363 lr 2.00e-05 | 0.20 s/step | ETA 250 min | mem 23.6 GB
20:57:10 step 1950/77500 loss 4.453 ema 2.629 lr 2.00e-05 | 0.20 s/step | ETA 249 min | mem 23.6 GB
20:57:18 step 2000/77500 loss 1.388 ema 2.436 lr 2.00e-05 | 0.20 s/step | ETA 247 min | mem 23.6 GB
20:57:39 saved ckpt 81 tensors
20:57:47 step 2050/77500 loss 2.882 ema 2.515 lr 2.00e-05 | 0.21 s/step | ETA 259 min | mem 23.6 GB
20:57:57 step 2100/77500 loss 0.648 ema 2.253 lr 2.00e-05 | 0.21 s/step | ETA 259 min | mem 23.6 GB
20:58:05 step 2150/77500 loss 1.191 ema 2.377 lr 2.00e-05 | 0.20 s/step | ETA 257 min | mem 23.6 GB
20:58:13 step 2200/77500 loss 2.105 ema 2.615 lr 2.00e-05 | 0.20 s/step | ETA 256 min | mem 23.6 GB
20:58:23 step 2250/77500 loss 3.677 ema 2.725 lr 2.00e-05 | 0.20 s/step | ETA 255 min | mem 23.6 GB
20:58:31 step 2300/77500 loss 2.929 ema 2.954 lr 2.00e-05 | 0.20 s/step | ETA 254 min | mem 23.6 GB
20:58:41 step 2350/77500 loss 3.588 ema 2.916 lr 2.00e-05 | 0.20 s/step | ETA 254 min | mem 23.6 GB
20:58:49 step 2400/77500 loss 0.005 ema 2.329 lr 2.00e-05 | 0.20 s/step | ETA 253 min | mem 23.6 GB
20:58:57 step 2450/77500 loss 3.651 ema 2.561 lr 2.00e-05 | 0.20 s/step | ETA 251 min | mem 23.6 GB
20:59:05 step 2500/77500 loss 2.632 ema 2.634 lr 2.00e-05 | 0.20 s/step | ETA 250 min | mem 23.6 GB
20:59:26 saved ckpt 81 tensors
20:59:36 step 2550/77500 loss 2.994 ema 2.478 lr 2.00e-05 | 0.21 s/step | ETA 260 min | mem 23.6 GB
20:59:44 step 2600/77500 loss 0.928 ema 2.307 lr 2.00e-05 | 0.21 s/step | ETA 259 min | mem 23.6 GB
20:59:52 step 2650/77500 loss 1.759 ema 2.378 lr 1.99e-05 | 0.21 s/step | ETA 258 min | mem 23.6 GB
21:00:02 step 2700/77500 loss 2.368 ema 2.428 lr 1.99e-05 | 0.21 s/step | ETA 257 min | mem 23.6 GB
21:00:10 step 2750/77500 loss 2.810 ema 2.847 lr 1.99e-05 | 0.21 s/step | ETA 256 min | mem 23.6 GB
21:00:20 step 2800/77500 loss 2.414 ema 2.694 lr 1.99e-05 | 0.21 s/step | ETA 256 min | mem 23.6 GB
21:00:28 step 2850/77500 loss 1.958 ema 2.355 lr 1.99e-05 | 0.20 s/step | ETA 255 min | mem 23.6 GB
21:00:37 step 2900/77500 loss 1.725 ema 2.466 lr 1.99e-05 | 0.20 s/step | ETA 254 min | mem 23.6 GB
21:00:45 step 2950/77500 loss 2.909 ema 2.761 lr 1.99e-05 | 0.20 s/step | ETA 253 min | mem 23.6 GB
21:00:54 step 3000/77500 loss 3.808 ema 2.473 lr 1.99e-05 | 0.20 s/step | ETA 252 min | mem 23.6 GB
21:01:15 saved ckpt 81 tensors
21:01:23 step 3050/77500 loss 3.047 ema 2.360 lr 1.99e-05 | 0.21 s/step | ETA 260 min | mem 23.6 GB
21:01:31 step 3100/77500 loss 1.117 ema 2.400 lr 1.99e-05 | 0.21 s/step | ETA 259 min | mem 23.6 GB
21:01:41 step 3150/77500 loss 3.175 ema 2.412 lr 1.99e-05 | 0.21 s/step | ETA 258 min | mem 23.6 GB
21:01:49 step 3200/77500 loss 2.173 ema 2.751 lr 1.99e-05 | 0.21 s/step | ETA 257 min | mem 23.6 GB
21:01:58 step 3250/77500 loss 3.218 ema 2.572 lr 1.99e-05 | 0.21 s/step | ETA 256 min | mem 23.6 GB
21:02:07 step 3300/77500 loss 0.530 ema 1.962 lr 1.99e-05 | 0.21 s/step | ETA 256 min | mem 23.6 GB
21:02:15 step 3350/77500 loss 3.167 ema 2.261 lr 1.99e-05 | 0.21 s/step | ETA 255 min | mem 23.6 GB
21:02:23 step 3400/77500 loss 2.004 ema 2.178 lr 1.99e-05 | 0.21 s/step | ETA 254 min | mem 23.6 GB
21:02:33 step 3450/77500 loss 3.566 ema 2.679 lr 1.99e-05 | 0.21 s/step | ETA 253 min | mem 23.6 GB
21:02:41 step 3500/77500 loss 0.487 ema 2.921 lr 1.99e-05 | 0.20 s/step | ETA 253 min | mem 23.6 GB
21:03:02 saved ckpt 81 tensors
21:03:10 step 3550/77500 loss 3.482 ema 1.936 lr 1.99e-05 | 0.21 s/step | ETA 259 min | mem 23.6 GB
21:03:20 step 3600/77500 loss 3.243 ema 2.056 lr 1.99e-05 | 0.21 s/step | ETA 258 min | mem 23.6 GB
21:03:28 step 3650/77500 loss 2.292 ema 2.608 lr 1.99e-05 | 0.21 s/step | ETA 257 min | mem 23.6 GB
21:03:36 step 3700/77500 loss 3.396 ema 2.784 lr 1.99e-05 | 0.21 s/step | ETA 256 min | mem 23.6 GB
21:03:46 step 3750/77500 loss 1.896 ema 2.730 lr 1.99e-05 | 0.21 s/step | ETA 256 min | mem 23.6 GB
21:03:54 step 3800/77500 loss 2.187 ema 2.879 lr 1.99e-05 | 0.21 s/step | ETA 255 min | mem 23.6 GB
21:04:02 step 3850/77500 loss 3.539 ema 2.577 lr 1.99e-05 | 0.21 s/step | ETA 254 min | mem 23.6 GB
21:04:10 step 3900/77500 loss 2.664 ema 2.343 lr 1.99e-05 | 0.21 s/step | ETA 253 min | mem 23.6 GB
21:04:20 step 3950/77500 loss 2.341 ema 2.783 lr 1.99e-05 | 0.21 s/step | ETA 253 min | mem 23.6 GB
21:04:28 step 4000/77500 loss 3.015 ema 2.160 lr 1.99e-05 | 0.21 s/step | ETA 252 min | mem 23.6 GB
21:04:49 saved ckpt 81 tensors
21:04:57 step 4050/77500 loss 1.579 ema 2.536 lr 1.99e-05 | 0.21 s/step | ETA 258 min | mem 23.6 GB
21:05:07 step 4100/77500 loss 3.940 ema 2.178 lr 1.99e-05 | 0.21 s/step | ETA 257 min | mem 23.6 GB
21:05:15 step 4150/77500 loss 1.385 ema 2.668 lr 1.99e-05 | 0.21 s/step | ETA 256 min | mem 23.6 GB
21:05:23 step 4200/77500 loss 2.364 ema 2.409 lr 1.99e-05 | 0.21 s/step | ETA 256 min | mem 23.6 GB
21:05:33 step 4250/77500 loss 1.874 ema 2.802 lr 1.99e-05 | 0.21 s/step | ETA 255 min | mem 23.6 GB
21:05:41 step 4300/77500 loss 3.302 ema 2.721 lr 1.99e-05 | 0.21 s/step | ETA 254 min | mem 23.6 GB
21:05:49 step 4350/77500 loss 2.999 ema 2.946 lr 1.99e-05 | 0.21 s/step | ETA 253 min | mem 23.6 GB
21:05:59 step 4400/77500 loss 3.383 ema 2.912 lr 1.99e-05 | 0.21 s/step | ETA 253 min | mem 23.6 GB
21:06:07 step 4450/77500 loss 2.624 ema 2.973 lr 1.99e-05 | 0.21 s/step | ETA 252 min | mem 23.6 GB
21:06:15 step 4500/77500 loss 3.885 ema 2.876 lr 1.99e-05 | 0.21 s/step | ETA 252 min | mem 23.6 GB
21:06:36 saved ckpt 81 tensors
21:06:46 step 4550/77500 loss 4.524 ema 2.811 lr 1.98e-05 | 0.21 s/step | ETA 257 min | mem 23.6 GB
21:06:54 step 4600/77500 loss 3.333 ema 2.468 lr 1.98e-05 | 0.21 s/step | ETA 256 min | mem 23.6 GB
21:07:02 step 4650/77500 loss 2.993 ema 2.628 lr 1.98e-05 | 0.21 s/step | ETA 255 min | mem 23.6 GB
21:07:12 step 4700/77500 loss 2.617 ema 2.597 lr 1.98e-05 | 0.21 s/step | ETA 255 min | mem 23.6 GB
21:07:20 step 4750/77500 loss 3.871 ema 2.699 lr 1.98e-05 | 0.21 s/step | ETA 254 min | mem 23.6 GB
21:07:28 step 4800/77500 loss 4.417 ema 2.876 lr 1.98e-05 | 0.21 s/step | ETA 253 min | mem 23.6 GB
21:07:38 step 4850/77500 loss 4.191 ema 3.010 lr 1.98e-05 | 0.21 s/step | ETA 253 min | mem 23.6 GB
21:07:46 step 4900/77500 loss 2.285 ema 2.464 lr 1.98e-05 | 0.21 s/step | ETA 252 min | mem 23.6 GB
21:07:54 step 4950/77500 loss 3.126 ema 2.925 lr 1.98e-05 | 0.21 s/step | ETA 251 min | mem 23.6 GB
21:08:04 step 5000/77500 loss 3.443 ema 2.896 lr 1.98e-05 | 0.21 s/step | ETA 251 min | mem 23.6 GB
21:08:24 saved ckpt 81 tensors
21:08:33 step 5050/77500 loss 3.420 ema 2.931 lr 1.98e-05 | 0.21 s/step | ETA 255 min | mem 23.6 GB
21:08:41 step 5100/77500 loss 2.300 ema 2.576 lr 1.98e-05 | 0.21 s/step | ETA 255 min | mem 23.6 GB
21:08:49 step 5150/77500 loss 2.819 ema 2.554 lr 1.98e-05 | 0.21 s/step | ETA 254 min | mem 23.6 GB
21:08:59 step 5200/77500 loss 0.397 ema 2.549 lr 1.98e-05 | 0.21 s/step | ETA 253 min | mem 23.6 GB
21:09:07 step 5250/77500 loss 2.488 ema 2.430 lr 1.98e-05 | 0.21 s/step | ETA 253 min | mem 23.6 GB
21:09:17 step 5300/77500 loss 3.208 ema 2.542 lr 1.98e-05 | 0.21 s/step | ETA 252 min | mem 23.6 GB
21:09:25 step 5350/77500 loss 3.859 ema 2.623 lr 1.98e-05 | 0.21 s/step | ETA 252 min | mem 23.6 GB
21:09:33 step 5400/77500 loss 2.220 ema 2.561 lr 1.98e-05 | 0.21 s/step | ETA 251 min | mem 23.6 GB
21:09:42 step 5450/77500 loss 4.016 ema 2.627 lr 1.98e-05 | 0.21 s/step | ETA 251 min | mem 23.6 GB
21:09:51 step 5500/77500 loss 3.944 ema 2.807 lr 1.98e-05 | 0.21 s/step | ETA 250 min | mem 23.6 GB
21:10:11 saved ckpt 81 tensors
21:10:20 step 5550/77500 loss 2.808 ema 2.698 lr 1.98e-05 | 0.21 s/step | ETA 254 min | mem 23.6 GB
21:10:30 step 5600/77500 loss 2.569 ema 2.553 lr 1.98e-05 | 0.21 s/step | ETA 254 min | mem 23.6 GB
21:10:39 step 5650/77500 loss 0.198 ema 2.435 lr 1.98e-05 | 0.21 s/step | ETA 253 min | mem 23.6 GB
21:10:47 step 5700/77500 loss 3.122 ema 2.488 lr 1.98e-05 | 0.21 s/step | ETA 252 min | mem 23.6 GB
21:10:57 step 5750/77500 loss 4.278 ema 2.452 lr 1.98e-05 | 0.21 s/step | ETA 252 min | mem 23.6 GB
21:11:05 step 5800/77500 loss 1.435 ema 2.102 lr 1.98e-05 | 0.21 s/step | ETA 251 min | mem 23.6 GB
21:11:13 step 5850/77500 loss 3.003 ema 2.600 lr 1.97e-05 | 0.21 s/step | ETA 251 min | mem 23.6 GB
21:11:22 step 5900/77500 loss 1.833 ema 2.452 lr 1.97e-05 | 0.21 s/step | ETA 250 min | mem 23.6 GB
21:11:31 step 5950/77500 loss 3.644 ema 2.590 lr 1.97e-05 | 0.21 s/step | ETA 250 min | mem 23.6 GB
21:11:39 step 6000/77500 loss 3.204 ema 2.689 lr 1.97e-05 | 0.21 s/step | ETA 249 min | mem 23.6 GB
21:11:59 saved ckpt 81 tensors
21:12:09 step 6050/77500 loss 2.489 ema 2.747 lr 1.97e-05 | 0.21 s/step | ETA 253 min | mem 23.6 GB
21:12:17 step 6100/77500 loss 1.275 ema 2.744 lr 1.97e-05 | 0.21 s/step | ETA 252 min | mem 23.6 GB
21:12:25 step 6150/77500 loss 2.232 ema 2.521 lr 1.97e-05 | 0.21 s/step | ETA 252 min | mem 23.6 GB
21:12:35 step 6200/77500 loss 2.634 ema 2.537 lr 1.97e-05 | 0.21 s/step | ETA 251 min | mem 23.6 GB
21:12:43 step 6250/77500 loss 3.135 ema 3.029 lr 1.97e-05 | 0.21 s/step | ETA 251 min | mem 23.6 GB
21:12:53 step 6300/77500 loss 3.680 ema 3.085 lr 1.97e-05 | 0.21 s/step | ETA 250 min | mem 23.6 GB
21:13:01 step 6350/77500 loss 5.057 ema 3.015 lr 1.97e-05 | 0.21 s/step | ETA 250 min | mem 23.6 GB
21:13:09 step 6400/77500 loss 6.056 ema 2.996 lr 1.97e-05 | 0.21 s/step | ETA 249 min | mem 23.6 GB
21:13:19 step 6450/77500 loss 0.036 ema 2.582 lr 1.97e-05 | 0.21 s/step | ETA 249 min | mem 23.6 GB
21:13:27 step 6500/77500 loss 2.041 ema 2.906 lr 1.97e-05 | 0.21 s/step | ETA 248 min | mem 23.6 GB
21:13:48 saved ckpt 81 tensors
21:13:56 step 6550/77500 loss 5.463 ema 2.517 lr 1.97e-05 | 0.21 s/step | ETA 251 min | mem 23.6 GB
21:14:04 step 6600/77500 loss 4.096 ema 2.749 lr 1.97e-05 | 0.21 s/step | ETA 251 min | mem 23.6 GB
21:14:14 step 6650/77500 loss 1.447 ema 2.309 lr 1.97e-05 | 0.21 s/step | ETA 250 min | mem 23.6 GB
21:14:22 step 6700/77500 loss 3.613 ema 2.517 lr 1.97e-05 | 0.21 s/step | ETA 250 min | mem 23.6 GB
21:14:32 step 6750/77500 loss 0.615 ema 2.808 lr 1.97e-05 | 0.21 s/step | ETA 249 min | mem 23.6 GB
21:14:40 step 6800/77500 loss 0.008 ema 2.531 lr 1.97e-05 | 0.21 s/step | ETA 249 min | mem 23.6 GB
21:14:48 step 6850/77500 loss 1.506 ema 2.729 lr 1.97e-05 | 0.21 s/step | ETA 248 min | mem 23.6 GB
21:14:58 step 6900/77500 loss 2.036 ema 2.204 lr 1.97e-05 | 0.21 s/step | ETA 248 min | mem 23.6 GB
21:15:06 step 6950/77500 loss 0.547 ema 2.304 lr 1.96e-05 | 0.21 s/step | ETA 247 min | mem 23.6 GB
21:15:14 step 7000/77500 loss 3.778 ema 2.158 lr 1.96e-05 | 0.21 s/step | ETA 247 min | mem 23.6 GB
21:15:35 saved ckpt 81 tensors
21:15:43 step 7050/77500 loss 2.363 ema 2.308 lr 1.96e-05 | 0.21 s/step | ETA 250 min | mem 23.6 GB
21:15:53 step 7100/77500 loss 0.614 ema 2.268 lr 1.96e-05 | 0.21 s/step | ETA 249 min | mem 23.6 GB
21:16:01 step 7150/77500 loss 3.105 ema 2.430 lr 1.96e-05 | 0.21 s/step | ETA 249 min | mem 23.6 GB
21:16:09 step 7200/77500 loss 0.116 ema 2.432 lr 1.96e-05 | 0.21 s/step | ETA 248 min | mem 23.6 GB
21:16:19 step 7250/77500 loss 2.611 ema 2.048 lr 1.96e-05 | 0.21 s/step | ETA 248 min | mem 23.6 GB
21:16:27 step 7300/77500 loss 2.122 ema 2.261 lr 1.96e-05 | 0.21 s/step | ETA 247 min | mem 23.6 GB
21:16:35 step 7350/77500 loss 1.853 ema 2.387 lr 1.96e-05 | 0.21 s/step | ETA 247 min | mem 23.6 GB
21:16:45 step 7400/77500 loss 3.234 ema 2.386 lr 1.96e-05 | 0.21 s/step | ETA 246 min | mem 23.6 GB
21:16:53 step 7450/77500 loss 3.747 ema 2.330 lr 1.96e-05 | 0.21 s/step | ETA 246 min | mem 23.6 GB
21:17:01 step 7500/77500 loss 2.143 ema 2.315 lr 1.96e-05 | 0.21 s/step | ETA 245 min | mem 23.6 GB
21:17:22 saved ckpt 81 tensors
21:17:32 step 7550/77500 loss 1.695 ema 1.987 lr 1.96e-05 | 0.21 s/step | ETA 248 min | mem 23.6 GB
21:17:40 step 7600/77500 loss 2.998 ema 2.226 lr 1.96e-05 | 0.21 s/step | ETA 248 min | mem 23.6 GB
21:17:48 step 7650/77500 loss 1.862 ema 1.985 lr 1.96e-05 | 0.21 s/step | ETA 247 min | mem 23.6 GB
21:17:58 step 7700/77500 loss 2.242 ema 2.152 lr 1.96e-05 | 0.21 s/step | ETA 247 min | mem 23.6 GB
21:18:06 step 7750/77500 loss 2.460 ema 2.525 lr 1.96e-05 | 0.21 s/step | ETA 246 min | mem 23.6 GB
21:18:14 step 7800/77500 loss 3.213 ema 2.769 lr 1.96e-05 | 0.21 s/step | ETA 246 min | mem 23.6 GB
21:18:24 step 7850/77500 loss 0.525 ema 2.392 lr 1.95e-05 | 0.21 s/step | ETA 245 min | mem 23.6 GB
21:18:32 step 7900/77500 loss 1.964 ema 2.368 lr 1.95e-05 | 0.21 s/step | ETA 245 min | mem 23.6 GB
21:18:40 step 7950/77500 loss 2.616 ema 2.977 lr 1.95e-05 | 0.21 s/step | ETA 244 min | mem 23.6 GB
21:18:49 step 8000/77500 loss 2.445 ema 2.698 lr 1.95e-05 | 0.21 s/step | ETA 244 min | mem 23.6 GB
21:19:10 saved ckpt 81 tensors
21:19:18 step 8050/77500 loss 2.209 ema 1.834 lr 1.95e-05 | 0.21 s/step | ETA 246 min | mem 23.6 GB
21:19:26 step 8100/77500 loss 2.415 ema 2.135 lr 1.95e-05 | 0.21 s/step | ETA 246 min | mem 23.6 GB
21:19:36 step 8150/77500 loss 1.700 ema 2.713 lr 1.95e-05 | 0.21 s/step | ETA 246 min | mem 23.6 GB
21:19:44 step 8200/77500 loss 2.925 ema 2.868 lr 1.95e-05 | 0.21 s/step | ETA 245 min | mem 23.6 GB
21:19:52 step 8250/77500 loss 0.108 ema 2.654 lr 1.95e-05 | 0.21 s/step | ETA 244 min | mem 23.6 GB
21:20:00 step 8300/77500 loss 3.551 ema 2.334 lr 1.95e-05 | 0.21 s/step | ETA 244 min | mem 23.6 GB
21:20:10 step 8350/77500 loss 2.451 ema 2.585 lr 1.95e-05 | 0.21 s/step | ETA 244 min | mem 23.6 GB
21:20:18 step 8400/77500 loss 3.427 ema 2.782 lr 1.95e-05 | 0.21 s/step | ETA 243 min | mem 23.6 GB
21:20:26 step 8450/77500 loss 2.095 ema 2.415 lr 1.95e-05 | 0.21 s/step | ETA 243 min | mem 23.6 GB
21:20:37 step 8500/77500 loss 3.616 ema 2.756 lr 1.95e-05 | 0.21 s/step | ETA 242 min | mem 23.6 GB
21:20:58 saved ckpt 81 tensors
21:21:06 step 8550/77500 loss 2.634 ema 2.835 lr 1.95e-05 | 0.21 s/step | ETA 245 min | mem 23.6 GB
21:21:14 step 8600/77500 loss 0.990 ema 2.672 lr 1.95e-05 | 0.21 s/step | ETA 244 min | mem 23.6 GB
21:21:24 step 8650/77500 loss 2.817 ema 2.758 lr 1.95e-05 | 0.21 s/step | ETA 244 min | mem 23.6 GB
21:21:32 step 8700/77500 loss 3.988 ema 2.890 lr 1.94e-05 | 0.21 s/step | ETA 243 min | mem 23.6 GB
21:21:40 step 8750/77500 loss 2.014 ema 2.768 lr 1.94e-05 | 0.21 s/step | ETA 243 min | mem 23.6 GB
21:21:50 step 8800/77500 loss 0.515 ema 2.626 lr 1.94e-05 | 0.21 s/step | ETA 243 min | mem 23.6 GB
21:21:58 step 8850/77500 loss 2.715 ema 2.565 lr 1.94e-05 | 0.21 s/step | ETA 242 min | mem 23.6 GB
21:22:08 step 8900/77500 loss 4.017 ema 2.719 lr 1.94e-05 | 0.21 s/step | ETA 242 min | mem 23.6 GB
21:22:16 step 8950/77500 loss 1.158 ema 2.801 lr 1.94e-05 | 0.21 s/step | ETA 241 min | mem 23.6 GB
21:22:24 step 9000/77500 loss 2.746 ema 2.717 lr 1.94e-05 | 0.21 s/step | ETA 241 min | mem 23.6 GB
21:22:45 saved ckpt 81 tensors
21:22:55 step 9050/77500 loss 1.501 ema 2.742 lr 1.94e-05 | 0.21 s/step | ETA 243 min | mem 23.6 GB
21:23:03 step 9100/77500 loss 2.707 ema 2.426 lr 1.94e-05 | 0.21 s/step | ETA 243 min | mem 23.6 GB
21:23:11 step 9150/77500 loss 1.561 ema 2.245 lr 1.94e-05 | 0.21 s/step | ETA 242 min | mem 23.6 GB
21:23:19 step 9200/77500 loss 4.495 ema 2.338 lr 1.94e-05 | 0.21 s/step | ETA 242 min | mem 23.6 GB
21:23:29 step 9250/77500 loss 2.932 ema 2.742 lr 1.94e-05 | 0.21 s/step | ETA 242 min | mem 23.6 GB
21:23:37 step 9300/77500 loss 1.522 ema 2.262 lr 1.94e-05 | 0.21 s/step | ETA 241 min | mem 23.6 GB
21:23:45 step 9350/77500 loss 3.368 ema 2.563 lr 1.94e-05 | 0.21 s/step | ETA 241 min | mem 23.6 GB
21:23:55 step 9400/77500 loss 0.958 ema 2.331 lr 1.94e-05 | 0.21 s/step | ETA 240 min | mem 23.6 GB
21:24:03 step 9450/77500 loss 2.448 ema 2.371 lr 1.93e-05 | 0.21 s/step | ETA 240 min | mem 23.6 GB
21:24:11 step 9500/77500 loss 2.576 ema 2.602 lr 1.93e-05 | 0.21 s/step | ETA 239 min | mem 23.6 GB
21:24:32 saved ckpt 81 tensors
21:24:42 step 9550/77500 loss 3.412 ema 2.526 lr 1.93e-05 | 0.21 s/step | ETA 242 min | mem 23.6 GB
21:24:50 step 9600/77500 loss 0.758 ema 2.685 lr 1.93e-05 | 0.21 s/step | ETA 241 min | mem 23.6 GB
21:24:58 step 9650/77500 loss 1.767 ema 2.484 lr 1.93e-05 | 0.21 s/step | ETA 241 min | mem 23.6 GB
21:25:06 step 9700/77500 loss 2.772 ema 2.515 lr 1.93e-05 | 0.21 s/step | ETA 240 min | mem 23.6 GB
21:25:16 step 9750/77500 loss 2.766 ema 2.607 lr 1.93e-05 | 0.21 s/step | ETA 240 min | mem 23.6 GB
21:25:24 step 9800/77500 loss 3.078 ema 2.542 lr 1.93e-05 | 0.21 s/step | ETA 239 min | mem 23.6 GB
21:25:32 step 9850/77500 loss 1.097 ema 2.348 lr 1.93e-05 | 0.21 s/step | ETA 239 min | mem 23.6 GB
21:25:42 step 9900/77500 loss 2.734 ema 2.647 lr 1.93e-05 | 0.21 s/step | ETA 239 min | mem 23.6 GB
21:25:50 step 9950/77500 loss 2.384 ema 2.353 lr 1.93e-05 | 0.21 s/step | ETA 238 min | mem 23.6 GB
21:25:58 step 10000/77500 loss 4.391 ema 2.934 lr 1.93e-05 | 0.21 s/step | ETA 238 min | mem 23.6 GB
21:26:19 saved ckpt 81 tensors
21:26:29 step 10050/77500 loss 2.948 ema 3.006 lr 1.93e-05 | 0.21 s/step | ETA 240 min | mem 23.6 GB
21:26:37 step 10100/77500 loss 2.962 ema 3.113 lr 1.93e-05 | 0.21 s/step | ETA 239 min | mem 23.6 GB
21:26:45 step 10150/77500 loss 3.077 ema 3.101 lr 1.92e-05 | 0.21 s/step | ETA 239 min | mem 23.6 GB
21:26:55 step 10200/77500 loss 2.730 ema 2.986 lr 1.92e-05 | 0.21 s/step | ETA 239 min | mem 23.6 GB
21:27:03 step 10250/77500 loss 3.644 ema 2.718 lr 1.92e-05 | 0.21 s/step | ETA 238 min | mem 23.6 GB
21:27:11 step 10300/77500 loss 3.040 ema 2.942 lr 1.92e-05 | 0.21 s/step | ETA 238 min | mem 23.6 GB
21:27:19 step 10350/77500 loss 2.945 ema 2.995 lr 1.92e-05 | 0.21 s/step | ETA 237 min | mem 23.6 GB
21:27:29 step 10400/77500 loss 1.526 ema 2.844 lr 1.92e-05 | 0.21 s/step | ETA 237 min | mem 23.6 GB
21:27:37 step 10450/77500 loss 1.996 ema 2.892 lr 1.92e-05 | 0.21 s/step | ETA 237 min | mem 23.6 GB
21:27:45 step 10500/77500 loss 0.669 ema 2.671 lr 1.92e-05 | 0.21 s/step | ETA 236 min | mem 23.6 GB
21:28:06 saved ckpt 81 tensors
21:28:16 step 10550/77500 loss 3.268 ema 2.585 lr 1.92e-05 | 0.21 s/step | ETA 238 min | mem 23.6 GB
21:28:24 step 10600/77500 loss 1.778 ema 2.719 lr 1.92e-05 | 0.21 s/step | ETA 238 min | mem 23.6 GB
21:28:34 step 10650/77500 loss 3.891 ema 2.489 lr 1.92e-05 | 0.21 s/step | ETA 237 min | mem 23.6 GB
21:28:42 step 10700/77500 loss 2.936 ema 2.780 lr 1.92e-05 | 0.21 s/step | ETA 237 min | mem 23.6 GB
21:28:50 step 10750/77500 loss 2.736 ema 2.681 lr 1.92e-05 | 0.21 s/step | ETA 237 min | mem 23.6 GB
21:29:00 step 10800/77500 loss 3.540 ema 2.504 lr 1.92e-05 | 0.21 s/step | ETA 236 min | mem 23.6 GB
21:29:08 step 10850/77500 loss 2.682 ema 2.831 lr 1.91e-05 | 0.21 s/step | ETA 236 min | mem 23.6 GB
21:29:16 step 10900/77500 loss 0.060 ema 2.477 lr 1.91e-05 | 0.21 s/step | ETA 235 min | mem 23.6 GB
21:29:26 step 10950/77500 loss 3.277 ema 2.644 lr 1.91e-05 | 0.21 s/step | ETA 235 min | mem 23.6 GB
21:29:34 step 11000/77500 loss 2.877 ema 2.902 lr 1.91e-05 | 0.21 s/step | ETA 235 min | mem 23.6 GB
21:29:55 saved ckpt 81 tensors
21:30:03 step 11050/77500 loss 3.596 ema 2.564 lr 1.91e-05 | 0.21 s/step | ETA 236 min | mem 23.6 GB
21:30:13 step 11100/77500 loss 3.982 ema 2.621 lr 1.91e-05 | 0.21 s/step | ETA 236 min | mem 23.6 GB
21:30:21 step 11150/77500 loss 2.656 ema 2.722 lr 1.91e-05 | 0.21 s/step | ETA 236 min | mem 23.6 GB
21:30:29 step 11200/77500 loss 3.725 ema 3.103 lr 1.91e-05 | 0.21 s/step | ETA 235 min | mem 23.6 GB
21:30:39 step 11250/77500 loss 3.779 ema 2.931 lr 1.91e-05 | 0.21 s/step | ETA 235 min | mem 23.6 GB
21:30:48 step 11300/77500 loss 1.838 ema 2.883 lr 1.91e-05 | 0.21 s/step | ETA 235 min | mem 23.6 GB
21:30:56 step 11350/77500 loss 3.880 ema 2.767 lr 1.91e-05 | 0.21 s/step | ETA 234 min | mem 23.6 GB
21:31:04 step 11400/77500 loss 1.423 ema 2.781 lr 1.91e-05 | 0.21 s/step | ETA 234 min | mem 23.6 GB
21:31:14 step 11450/77500 loss 2.895 ema 2.716 lr 1.90e-05 | 0.21 s/step | ETA 234 min | mem 23.6 GB
21:31:22 step 11500/77500 loss 3.124 ema 2.766 lr 1.90e-05 | 0.21 s/step | ETA 233 min | mem 23.6 GB
21:31:43 saved ckpt 81 tensors
21:31:51 step 11550/77500 loss 3.207 ema 2.926 lr 1.90e-05 | 0.21 s/step | ETA 235 min | mem 23.6 GB
21:32:01 step 11600/77500 loss 2.968 ema 2.679 lr 1.90e-05 | 0.21 s/step | ETA 234 min | mem 23.6 GB
21:32:09 step 11650/77500 loss 3.035 ema 2.552 lr 1.90e-05 | 0.21 s/step | ETA 234 min | mem 23.6 GB
21:32:17 step 11700/77500 loss 1.519 ema 2.709 lr 1.90e-05 | 0.21 s/step | ETA 234 min | mem 23.6 GB
21:32:27 step 11750/77500 loss 1.125 ema 2.561 lr 1.90e-05 | 0.21 s/step | ETA 233 min | mem 23.6 GB
21:32:35 step 11800/77500 loss 3.446 ema 2.601 lr 1.90e-05 | 0.21 s/step | ETA 233 min | mem 23.6 GB
21:32:43 step 11850/77500 loss 2.236 ema 2.844 lr 1.90e-05 | 0.21 s/step | ETA 233 min | mem 23.6 GB
21:32:53 step 11900/77500 loss 1.732 ema 2.795 lr 1.90e-05 | 0.21 s/step | ETA 232 min | mem 23.6 GB
21:33:01 step 11950/77500 loss 0.089 ema 2.714 lr 1.90e-05 | 0.21 s/step | ETA 232 min | mem 23.6 GB
21:33:09 step 12000/77500 loss 1.420 ema 2.581 lr 1.90e-05 | 0.21 s/step | ETA 231 min | mem 23.6 GB
21:33:30 saved ckpt 81 tensors
21:33:40 step 12050/77500 loss 1.614 ema 2.678 lr 1.89e-05 | 0.21 s/step | ETA 233 min | mem 23.6 GB
21:33:48 step 12100/77500 loss 1.386 ema 2.835 lr 1.89e-05 | 0.21 s/step | ETA 233 min | mem 23.6 GB
21:33:56 step 12150/77500 loss 2.168 ema 2.839 lr 1.89e-05 | 0.21 s/step | ETA 232 min | mem 23.6 GB
21:34:06 step 12200/77500 loss 3.407 ema 2.903 lr 1.89e-05 | 0.21 s/step | ETA 232 min | mem 23.6 GB
21:34:14 step 12250/77500 loss 2.934 ema 2.796 lr 1.89e-05 | 0.21 s/step | ETA 232 min | mem 23.6 GB
21:34:22 step 12300/77500 loss 0.001 ema 2.254 lr 1.89e-05 | 0.21 s/step | ETA 231 min | mem 23.6 GB
21:34:32 step 12350/77500 loss 3.568 ema 2.770 lr 1.89e-05 | 0.21 s/step | ETA 231 min | mem 23.6 GB
21:34:40 step 12400/77500 loss 2.350 ema 2.768 lr 1.89e-05 | 0.21 s/step | ETA 231 min | mem 23.6 GB
21:34:48 step 12450/77500 loss 1.223 ema 2.780 lr 1.89e-05 | 0.21 s/step | ETA 230 min | mem 23.6 GB
21:34:58 step 12500/77500 loss 0.258 ema 2.311 lr 1.89e-05 | 0.21 s/step | ETA 230 min | mem 23.6 GB
21:35:19 saved ckpt 81 tensors
21:35:27 step 12550/77500 loss 3.413 ema 2.716 lr 1.89e-05 | 0.21 s/step | ETA 231 min | mem 23.6 GB
21:35:37 step 12600/77500 loss 3.043 ema 2.817 lr 1.89e-05 | 0.21 s/step | ETA 231 min | mem 23.6 GB
21:35:45 step 12650/77500 loss 0.380 ema 2.191 lr 1.88e-05 | 0.21 s/step | ETA 231 min | mem 23.6 GB
21:35:53 step 12700/77500 loss 3.440 ema 2.552 lr 1.88e-05 | 0.21 s/step | ETA 230 min | mem 23.6 GB
21:36:01 step 12750/77500 loss 0.425 ema 2.488 lr 1.88e-05 | 0.21 s/step | ETA 230 min | mem 23.6 GB
21:36:11 step 12800/77500 loss 3.700 ema 2.534 lr 1.88e-05 | 0.21 s/step | ETA 230 min | mem 23.6 GB
21:36:19 step 12850/77500 loss 3.253 ema 2.673 lr 1.88e-05 | 0.21 s/step | ETA 229 min | mem 23.6 GB
21:36:27 step 12900/77500 loss 0.739 ema 2.427 lr 1.88e-05 | 0.21 s/step | ETA 229 min | mem 23.6 GB
21:36:37 step 12950/77500 loss 0.239 ema 2.762 lr 1.88e-05 | 0.21 s/step | ETA 229 min | mem 23.6 GB
21:36:45 step 13000/77500 loss 2.545 ema 2.534 lr 1.88e-05 | 0.21 s/step | ETA 228 min | mem 23.6 GB
21:37:06 saved ckpt 81 tensors
21:37:14 step 13050/77500 loss 3.269 ema 2.738 lr 1.88e-05 | 0.21 s/step | ETA 230 min | mem 23.6 GB
21:37:24 step 13100/77500 loss 0.043 ema 2.472 lr 1.88e-05 | 0.21 s/step | ETA 229 min | mem 23.6 GB
21:37:32 step 13150/77500 loss 3.505 ema 2.669 lr 1.88e-05 | 0.21 s/step | ETA 229 min | mem 23.6 GB
21:37:40 step 13200/77500 loss 3.104 ema 2.573 lr 1.87e-05 | 0.21 s/step | ETA 229 min | mem 23.6 GB
21:37:50 step 13250/77500 loss 3.598 ema 2.781 lr 1.87e-05 | 0.21 s/step | ETA 228 min | mem 23.6 GB
21:37:58 step 13300/77500 loss 3.625 ema 2.470 lr 1.87e-05 | 0.21 s/step | ETA 228 min | mem 23.6 GB
21:38:06 step 13350/77500 loss 0.343 ema 2.278 lr 1.87e-05 | 0.21 s/step | ETA 228 min | mem 23.6 GB
21:38:16 step 13400/77500 loss 3.744 ema 2.756 lr 1.87e-05 | 0.21 s/step | ETA 227 min | mem 23.6 GB
21:38:24 step 13450/77500 loss 2.957 ema 2.763 lr 1.87e-05 | 0.21 s/step | ETA 227 min | mem 23.6 GB
21:38:32 step 13500/77500 loss 2.287 ema 2.175 lr 1.87e-05 | 0.21 s/step | ETA 227 min | mem 23.6 GB
21:38:52 saved ckpt 81 tensors
21:39:02 step 13550/77500 loss 1.033 ema 2.299 lr 1.87e-05 | 0.21 s/step | ETA 228 min | mem 23.6 GB
21:39:11 step 13600/77500 loss 2.473 ema 2.290 lr 1.87e-05 | 0.21 s/step | ETA 228 min | mem 23.6 GB
21:39:19 step 13650/77500 loss 3.508 ema 2.453 lr 1.87e-05 | 0.21 s/step | ETA 227 min | mem 23.6 GB
21:39:28 step 13700/77500 loss 3.607 ema 2.631 lr 1.86e-05 | 0.21 s/step | ETA 227 min | mem 23.6 GB
21:39:37 step 13750/77500 loss 3.023 ema 2.451 lr 1.86e-05 | 0.21 s/step | ETA 227 min | mem 23.6 GB
21:39:45 step 13800/77500 loss 1.233 ema 2.250 lr 1.86e-05 | 0.21 s/step | ETA 226 min | mem 23.6 GB
21:39:54 step 13850/77500 loss 3.222 ema 2.230 lr 1.86e-05 | 0.21 s/step | ETA 226 min | mem 23.6 GB
21:40:02 step 13900/77500 loss 3.664 ema 2.725 lr 1.86e-05 | 0.21 s/step | ETA 226 min | mem 23.6 GB
21:40:10 step 13950/77500 loss 3.494 ema 2.609 lr 1.86e-05 | 0.21 s/step | ETA 225 min | mem 23.6 GB
21:40:18 step 14000/77500 loss 2.373 ema 2.297 lr 1.86e-05 | 0.21 s/step | ETA 225 min | mem 23.6 GB
21:40:39 saved ckpt 81 tensors
21:40:49 step 14050/77500 loss 1.258 ema 2.147 lr 1.86e-05 | 0.21 s/step | ETA 226 min | mem 23.6 GB
21:40:59 step 14100/77500 loss 1.956 ema 2.478 lr 1.86e-05 | 0.21 s/step | ETA 226 min | mem 23.6 GB
21:41:08 step 14150/77500 loss 2.770 ema 2.619 lr 1.86e-05 | 0.21 s/step | ETA 226 min | mem 23.6 GB
21:41:16 step 14200/77500 loss 2.481 ema 2.520 lr 1.85e-05 | 0.21 s/step | ETA 225 min | mem 23.6 GB
21:41:24 step 14250/77500 loss 2.231 ema 2.637 lr 1.85e-05 | 0.21 s/step | ETA 225 min | mem 23.6 GB
21:41:34 step 14300/77500 loss 3.784 ema 2.302 lr 1.85e-05 | 0.21 s/step | ETA 225 min | mem 23.6 GB
21:41:42 step 14350/77500 loss 3.566 ema 2.659 lr 1.85e-05 | 0.21 s/step | ETA 224 min | mem 23.6 GB
21:41:50 step 14400/77500 loss 2.076 ema 2.735 lr 1.85e-05 | 0.21 s/step | ETA 224 min | mem 23.6 GB
21:42:00 step 14450/77500 loss 3.704 ema 2.584 lr 1.85e-05 | 0.21 s/step | ETA 224 min | mem 23.6 GB
21:42:08 step 14500/77500 loss 0.779 ema 2.050 lr 1.85e-05 | 0.21 s/step | ETA 223 min | mem 23.6 GB
21:42:29 saved ckpt 81 tensors
21:42:37 step 14550/77500 loss 3.504 ema 2.515 lr 1.85e-05 | 0.21 s/step | ETA 224 min | mem 23.6 GB
21:42:45 step 14600/77500 loss 1.181 ema 2.288 lr 1.85e-05 | 0.21 s/step | ETA 224 min | mem 23.6 GB
21:42:55 step 14650/77500 loss 1.554 ema 2.505 lr 1.85e-05 | 0.21 s/step | ETA 224 min | mem 23.6 GB
21:43:03 step 14700/77500 loss 2.116 ema 2.712 lr 1.84e-05 | 0.21 s/step | ETA 223 min | mem 23.6 GB
21:43:11 step 14750/77500 loss 0.002 ema 2.566 lr 1.84e-05 | 0.21 s/step | ETA 223 min | mem 23.6 GB
21:43:21 step 14800/77500 loss 0.139 ema 2.329 lr 1.84e-05 | 0.21 s/step | ETA 223 min | mem 23.6 GB
21:43:29 step 14850/77500 loss 2.727 ema 2.544 lr 1.84e-05 | 0.21 s/step | ETA 222 min | mem 23.6 GB
21:43:37 step 14900/77500 loss 2.875 ema 2.672 lr 1.84e-05 | 0.21 s/step | ETA 222 min | mem 23.6 GB
21:43:47 step 14950/77500 loss 3.222 ema 2.500 lr 1.84e-05 | 0.21 s/step | ETA 222 min | mem 23.6 GB
21:43:55 step 15000/77500 loss 3.375 ema 2.594 lr 1.84e-05 | 0.21 s/step | ETA 222 min | mem 23.6 GB
21:44:16 saved ckpt 81 tensors
21:44:24 step 15050/77500 loss 3.394 ema 2.657 lr 1.84e-05 | 0.21 s/step | ETA 223 min | mem 23.6 GB
21:44:34 step 15100/77500 loss 5.337 ema 2.921 lr 1.84e-05 | 0.21 s/step | ETA 222 min | mem 23.6 GB
21:44:42 step 15150/77500 loss 3.018 ema 3.114 lr 1.84e-05 | 0.21 s/step | ETA 222 min | mem 23.6 GB
21:44:50 step 15200/77500 loss 1.666 ema 2.841 lr 1.83e-05 | 0.21 s/step | ETA 222 min | mem 23.6 GB
21:45:00 step 15250/77500 loss 3.769 ema 2.752 lr 1.83e-05 | 0.21 s/step | ETA 221 min | mem 23.6 GB
21:45:08 step 15300/77500 loss 3.259 ema 2.676 lr 1.83e-05 | 0.21 s/step | ETA 221 min | mem 23.6 GB
21:45:16 step 15350/77500 loss 2.246 ema 2.604 lr 1.83e-05 | 0.21 s/step | ETA 221 min | mem 23.6 GB
21:45:26 step 15400/77500 loss 3.467 ema 2.939 lr 1.83e-05 | 0.21 s/step | ETA 221 min | mem 23.6 GB
21:45:34 step 15450/77500 loss 3.559 ema 2.792 lr 1.83e-05 | 0.21 s/step | ETA 220 min | mem 23.6 GB
21:45:42 step 15500/77500 loss 0.000 ema 2.764 lr 1.83e-05 | 0.21 s/step | ETA 220 min | mem 23.6 GB
21:46:03 saved ckpt 81 tensors
21:46:13 step 15550/77500 loss 2.607 ema 2.625 lr 1.83e-05 | 0.21 s/step | ETA 221 min | mem 23.6 GB
21:46:21 step 15600/77500 loss 3.673 ema 1.888 lr 1.83e-05 | 0.21 s/step | ETA 221 min | mem 23.6 GB
21:46:29 step 15650/77500 loss 3.859 ema 2.433 lr 1.82e-05 | 0.21 s/step | ETA 220 min | mem 23.6 GB
21:46:39 step 15700/77500 loss 3.342 ema 2.484 lr 1.82e-05 | 0.21 s/step | ETA 220 min | mem 23.6 GB
21:46:47 step 15750/77500 loss 3.877 ema 2.659 lr 1.82e-05 | 0.21 s/step | ETA 220 min | mem 23.6 GB
21:46:55 step 15800/77500 loss 1.807 ema 2.653 lr 1.82e-05 | 0.21 s/step | ETA 219 min | mem 23.6 GB
21:47:05 step 15850/77500 loss 0.323 ema 2.485 lr 1.82e-05 | 0.21 s/step | ETA 219 min | mem 23.6 GB
21:47:13 step 15900/77500 loss 2.535 ema 2.387 lr 1.82e-05 | 0.21 s/step | ETA 219 min | mem 23.6 GB
21:47:21 step 15950/77500 loss 2.486 ema 2.482 lr 1.82e-05 | 0.21 s/step | ETA 218 min | mem 23.6 GB
21:47:31 step 16000/77500 loss 2.765 ema 2.464 lr 1.82e-05 | 0.21 s/step | ETA 218 min | mem 23.6 GB
21:47:51 saved ckpt 81 tensors
21:48:00 step 16050/77500 loss 3.859 ema 2.585 lr 1.82e-05 | 0.21 s/step | ETA 219 min | mem 23.6 GB
21:48:08 step 16100/77500 loss 3.174 ema 2.693 lr 1.82e-05 | 0.21 s/step | ETA 219 min | mem 23.6 GB
21:48:17 step 16150/77500 loss 3.004 ema 2.739 lr 1.81e-05 | 0.21 s/step | ETA 219 min | mem 23.6 GB
21:48:26 step 16200/77500 loss 2.745 ema 2.626 lr 1.81e-05 | 0.21 s/step | ETA 218 min | mem 23.6 GB
21:48:34 step 16250/77500 loss 1.845 ema 2.195 lr 1.81e-05 | 0.21 s/step | ETA 218 min | mem 23.6 GB
21:48:42 step 16300/77500 loss 1.323 ema 2.307 lr 1.81e-05 | 0.21 s/step | ETA 218 min | mem 23.6 GB
21:48:52 step 16350/77500 loss 3.105 ema 2.552 lr 1.81e-05 | 0.21 s/step | ETA 217 min | mem 23.6 GB
21:49:00 step 16400/77500 loss 1.110 ema 2.681 lr 1.81e-05 | 0.21 s/step | ETA 217 min | mem 23.6 GB
21:49:09 step 16450/77500 loss 1.960 ema 2.518 lr 1.81e-05 | 0.21 s/step | ETA 217 min | mem 23.6 GB
21:49:17 step 16500/77500 loss 2.240 ema 2.463 lr 1.81e-05 | 0.21 s/step | ETA 216 min | mem 23.6 GB
21:49:38 saved ckpt 81 tensors
21:49:47 step 16550/77500 loss 3.590 ema 2.201 lr 1.80e-05 | 0.21 s/step | ETA 217 min | mem 23.6 GB
21:49:56 step 16600/77500 loss 4.159 ema 2.541 lr 1.80e-05 | 0.21 s/step | ETA 217 min | mem 23.6 GB
21:50:05 step 16650/77500 loss 2.429 ema 2.581 lr 1.80e-05 | 0.21 s/step | ETA 217 min | mem 23.6 GB
21:50:13 step 16700/77500 loss 4.014 ema 2.671 lr 1.80e-05 | 0.21 s/step | ETA 216 min | mem 23.6 GB
21:50:22 step 16750/77500 loss 3.535 ema 2.406 lr 1.80e-05 | 0.21 s/step | ETA 216 min | mem 23.6 GB
21:50:31 step 16800/77500 loss 0.204 ema 2.409 lr 1.80e-05 | 0.21 s/step | ETA 216 min | mem 23.6 GB
21:50:39 step 16850/77500 loss 1.658 ema 2.087 lr 1.80e-05 | 0.21 s/step | ETA 216 min | mem 23.6 GB
21:50:48 step 16900/77500 loss 1.116 ema 2.358 lr 1.80e-05 | 0.21 s/step | ETA 215 min | mem 23.6 GB
21:50:57 step 16950/77500 loss 2.935 ema 2.373 lr 1.80e-05 | 0.21 s/step | ETA 215 min | mem 23.6 GB
21:51:06 step 17000/77500 loss 2.169 ema 2.405 lr 1.79e-05 | 0.21 s/step | ETA 215 min | mem 23.6 GB
21:51:27 saved ckpt 81 tensors
21:51:37 step 17050/77500 loss 1.464 ema 2.522 lr 1.79e-05 | 0.21 s/step | ETA 216 min | mem 23.6 GB
21:51:45 step 17100/77500 loss 1.986 ema 2.854 lr 1.79e-05 | 0.21 s/step | ETA 215 min | mem 23.6 GB
21:51:53 step 17150/77500 loss 2.519 ema 2.346 lr 1.79e-05 | 0.21 s/step | ETA 215 min | mem 23.6 GB
21:52:03 step 17200/77500 loss 1.560 ema 2.603 lr 1.79e-05 | 0.21 s/step | ETA 215 min | mem 23.6 GB
21:52:11 step 17250/77500 loss 3.970 ema 2.513 lr 1.79e-05 | 0.21 s/step | ETA 215 min | mem 23.6 GB
21:52:19 step 17300/77500 loss 2.499 ema 2.565 lr 1.79e-05 | 0.21 s/step | ETA 214 min | mem 23.6 GB
21:52:29 step 17350/77500 loss 2.772 ema 2.874 lr 1.79e-05 | 0.21 s/step | ETA 214 min | mem 23.6 GB
21:52:37 step 17400/77500 loss 2.729 ema 2.787 lr 1.79e-05 | 0.21 s/step | ETA 214 min | mem 23.6 GB
21:52:45 step 17450/77500 loss 2.016 ema 2.404 lr 1.78e-05 | 0.21 s/step | ETA 213 min | mem 23.6 GB
21:52:53 step 17500/77500 loss 1.018 ema 2.523 lr 1.78e-05 | 0.21 s/step | ETA 213 min | mem 23.6 GB
21:53:14 saved ckpt 81 tensors
21:53:24 step 17550/77500 loss 2.204 ema 2.561 lr 1.78e-05 | 0.21 s/step | ETA 214 min | mem 23.6 GB
21:53:32 step 17600/77500 loss 2.984 ema 2.514 lr 1.78e-05 | 0.21 s/step | ETA 214 min | mem 23.6 GB
21:53:42 step 17650/77500 loss 2.934 ema 2.534 lr 1.78e-05 | 0.21 s/step | ETA 213 min | mem 23.6 GB
21:53:50 step 17700/77500 loss 4.062 ema 2.856 lr 1.78e-05 | 0.21 s/step | ETA 213 min | mem 23.6 GB
21:53:58 step 17750/77500 loss 2.617 ema 2.711 lr 1.78e-05 | 0.21 s/step | ETA 213 min | mem 23.6 GB
21:54:08 step 17800/77500 loss 3.157 ema 2.846 lr 1.78e-05 | 0.21 s/step | ETA 213 min | mem 23.6 GB
21:54:16 step 17850/77500 loss 3.065 ema 2.720 lr 1.77e-05 | 0.21 s/step | ETA 212 min | mem 23.6 GB
21:54:24 step 17900/77500 loss 3.682 ema 2.503 lr 1.77e-05 | 0.21 s/step | ETA 212 min | mem 23.6 GB
21:54:34 step 17950/77500 loss 2.691 ema 2.747 lr 1.77e-05 | 0.21 s/step | ETA 212 min | mem 23.6 GB
21:54:42 step 18000/77500 loss 1.665 ema 2.489 lr 1.77e-05 | 0.21 s/step | ETA 211 min | mem 23.6 GB
21:55:03 saved ckpt 81 tensors
21:55:11 step 18050/77500 loss 3.221 ema 2.196 lr 1.77e-05 | 0.21 s/step | ETA 212 min | mem 23.6 GB
21:55:21 step 18100/77500 loss 1.307 ema 2.456 lr 1.77e-05 | 0.21 s/step | ETA 212 min | mem 23.6 GB
21:55:29 step 18150/77500 loss 2.907 ema 2.443 lr 1.77e-05 | 0.21 s/step | ETA 212 min | mem 23.6 GB
21:55:37 step 18200/77500 loss 3.873 ema 2.600 lr 1.77e-05 | 0.21 s/step | ETA 211 min | mem 23.6 GB
21:55:45 step 18250/77500 loss 2.522 ema 2.370 lr 1.76e-05 | 0.21 s/step | ETA 211 min | mem 23.6 GB
21:55:55 step 18300/77500 loss 3.024 ema 2.350 lr 1.76e-05 | 0.21 s/step | ETA 211 min | mem 23.6 GB
21:56:03 step 18350/77500 loss 0.968 ema 2.625 lr 1.76e-05 | 0.21 s/step | ETA 210 min | mem 23.6 GB
21:56:13 step 18400/77500 loss 0.896 ema 2.023 lr 1.76e-05 | 0.21 s/step | ETA 210 min | mem 23.6 GB
21:56:21 step 18450/77500 loss 2.858 ema 2.547 lr 1.76e-05 | 0.21 s/step | ETA 210 min | mem 23.6 GB
21:56:29 step 18500/77500 loss 1.570 ema 2.299 lr 1.76e-05 | 0.21 s/step | ETA 210 min | mem 23.6 GB
21:56:50 saved ckpt 81 tensors
21:57:00 step 18550/77500 loss 4.339 ema 2.509 lr 1.76e-05 | 0.21 s/step | ETA 211 min | mem 23.6 GB
21:57:08 step 18600/77500 loss 3.694 ema 2.459 lr 1.76e-05 | 0.21 s/step | ETA 210 min | mem 23.6 GB
21:57:16 step 18650/77500 loss 2.715 ema 2.599 lr 1.75e-05 | 0.21 s/step | ETA 210 min | mem 23.6 GB
21:57:26 step 18700/77500 loss 3.969 ema 3.025 lr 1.75e-05 | 0.21 s/step | ETA 210 min | mem 23.6 GB
21:57:34 step 18750/77500 loss 0.781 ema 2.580 lr 1.75e-05 | 0.21 s/step | ETA 209 min | mem 23.6 GB
21:57:42 step 18800/77500 loss 0.549 ema 2.515 lr 1.75e-05 | 0.21 s/step | ETA 209 min | mem 23.6 GB
21:57:52 step 18850/77500 loss 4.059 ema 2.545 lr 1.75e-05 | 0.21 s/step | ETA 209 min | mem 23.6 GB
21:58:00 step 18900/77500 loss 1.996 ema 2.745 lr 1.75e-05 | 0.21 s/step | ETA 209 min | mem 23.6 GB
21:58:08 step 18950/77500 loss 3.959 ema 2.893 lr 1.75e-05 | 0.21 s/step | ETA 208 min | mem 23.6 GB
21:58:18 step 19000/77500 loss 2.982 ema 2.702 lr 1.75e-05 | 0.21 s/step | ETA 208 min | mem 23.6 GB
21:58:38 saved ckpt 81 tensors
21:58:47 step 19050/77500 loss 0.710 ema 2.138 lr 1.74e-05 | 0.21 s/step | ETA 209 min | mem 23.6 GB
21:58:55 step 19100/77500 loss 3.510 ema 2.228 lr 1.74e-05 | 0.21 s/step | ETA 208 min | mem 23.6 GB
21:59:05 step 19150/77500 loss 2.971 ema 2.712 lr 1.74e-05 | 0.21 s/step | ETA 208 min | mem 23.6 GB
21:59:13 step 19200/77500 loss 2.276 ema 2.619 lr 1.74e-05 | 0.21 s/step | ETA 208 min | mem 23.6 GB
21:59:21 step 19250/77500 loss 3.868 ema 2.606 lr 1.74e-05 | 0.21 s/step | ETA 208 min | mem 23.6 GB
21:59:31 step 19300/77500 loss 3.970 ema 2.754 lr 1.74e-05 | 0.21 s/step | ETA 207 min | mem 23.6 GB
21:59:39 step 19350/77500 loss 2.326 ema 3.152 lr 1.74e-05 | 0.21 s/step | ETA 207 min | mem 23.6 GB
21:59:47 step 19400/77500 loss 3.373 ema 2.624 lr 1.74e-05 | 0.21 s/step | ETA 207 min | mem 23.6 GB
21:59:57 step 19450/77500 loss 2.669 ema 2.617 lr 1.73e-05 | 0.21 s/step | ETA 207 min | mem 23.6 GB
22:00:05 step 19500/77500 loss 1.438 ema 2.735 lr 1.73e-05 | 0.21 s/step | ETA 206 min | mem 23.6 GB
22:00:25 saved ckpt 81 tensors
22:00:35 step 19550/77500 loss 2.048 ema 2.653 lr 1.73e-05 | 0.21 s/step | ETA 207 min | mem 23.6 GB
22:00:44 step 19600/77500 loss 2.514 ema 2.573 lr 1.73e-05 | 0.21 s/step | ETA 207 min | mem 23.6 GB
22:00:52 step 19650/77500 loss 2.417 ema 2.363 lr 1.73e-05 | 0.21 s/step | ETA 206 min | mem 23.6 GB
22:01:00 step 19700/77500 loss 2.915 ema 2.223 lr 1.73e-05 | 0.21 s/step | ETA 206 min | mem 23.6 GB
22:01:11 step 19750/77500 loss 1.600 ema 2.110 lr 1.73e-05 | 0.21 s/step | ETA 206 min | mem 23.6 GB
22:01:19 step 19800/77500 loss 3.836 ema 2.509 lr 1.73e-05 | 0.21 s/step | ETA 206 min | mem 23.6 GB
22:01:27 step 19850/77500 loss 0.443 ema 2.712 lr 1.72e-05 | 0.21 s/step | ETA 205 min | mem 23.6 GB
22:01:37 step 19900/77500 loss 0.530 ema 2.531 lr 1.72e-05 | 0.21 s/step | ETA 205 min | mem 23.6 GB
22:01:45 step 19950/77500 loss 1.194 ema 2.494 lr 1.72e-05 | 0.21 s/step | ETA 205 min | mem 23.6 GB
22:01:53 step 20000/77500 loss 3.719 ema 2.329 lr 1.72e-05 | 0.21 s/step | ETA 205 min | mem 23.6 GB
22:02:13 saved ckpt 81 tensors
22:02:22 step 20050/77500 loss 3.375 ema 2.390 lr 1.72e-05 | 0.21 s/step | ETA 205 min | mem 23.6 GB
22:02:30 step 20100/77500 loss 2.860 ema 2.742 lr 1.72e-05 | 0.21 s/step | ETA 205 min | mem 23.6 GB
22:02:40 step 20150/77500 loss 2.517 ema 2.384 lr 1.72e-05 | 0.21 s/step | ETA 205 min | mem 23.6 GB
22:02:48 step 20200/77500 loss 3.421 ema 2.708 lr 1.71e-05 | 0.21 s/step | ETA 204 min | mem 23.6 GB
22:02:56 step 20250/77500 loss 2.302 ema 2.699 lr 1.71e-05 | 0.21 s/step | ETA 204 min | mem 23.6 GB
22:03:06 step 20300/77500 loss 3.481 ema 2.885 lr 1.71e-05 | 0.21 s/step | ETA 204 min | mem 23.6 GB
22:03:14 step 20350/77500 loss 3.135 ema 2.587 lr 1.71e-05 | 0.21 s/step | ETA 204 min | mem 23.6 GB
22:03:22 step 20400/77500 loss 2.704 ema 2.719 lr 1.71e-05 | 0.21 s/step | ETA 203 min | mem 23.6 GB
22:03:32 step 20450/77500 loss 0.952 ema 2.799 lr 1.71e-05 | 0.21 s/step | ETA 203 min | mem 23.6 GB
22:03:40 step 20500/77500 loss 0.810 ema 2.357 lr 1.71e-05 | 0.21 s/step | ETA 203 min | mem 23.6 GB
22:04:01 saved ckpt 81 tensors
22:04:09 step 20550/77500 loss 2.373 ema 2.616 lr 1.71e-05 | 0.21 s/step | ETA 203 min | mem 23.6 GB
22:04:19 step 20600/77500 loss 1.833 ema 2.532 lr 1.70e-05 | 0.21 s/step | ETA 203 min | mem 23.6 GB
22:04:27 step 20650/77500 loss 3.445 ema 2.771 lr 1.70e-05 | 0.21 s/step | ETA 203 min | mem 23.6 GB
22:04:37 step 20700/77500 loss 2.712 ema 2.602 lr 1.70e-05 | 0.21 s/step | ETA 203 min | mem 23.6 GB
22:04:45 step 20750/77500 loss 1.283 ema 2.450 lr 1.70e-05 | 0.21 s/step | ETA 202 min | mem 23.6 GB
22:04:53 step 20800/77500 loss 0.960 ema 2.607 lr 1.70e-05 | 0.21 s/step | ETA 202 min | mem 23.6 GB
22:05:03 step 20850/77500 loss 2.443 ema 2.645 lr 1.70e-05 | 0.21 s/step | ETA 202 min | mem 23.6 GB
22:05:11 step 20900/77500 loss 0.667 ema 2.168 lr 1.70e-05 | 0.21 s/step | ETA 202 min | mem 23.6 GB
22:05:19 step 20950/77500 loss 4.051 ema 2.695 lr 1.69e-05 | 0.21 s/step | ETA 201 min | mem 23.6 GB
22:05:27 step 21000/77500 loss 0.399 ema 2.814 lr 1.69e-05 | 0.21 s/step | ETA 201 min | mem 23.6 GB
22:05:48 saved ckpt 81 tensors
22:05:56 step 21050/77500 loss 3.361 ema 2.734 lr 1.69e-05 | 0.21 s/step | ETA 202 min | mem 23.6 GB
22:06:04 step 21100/77500 loss 2.949 ema 3.047 lr 1.69e-05 | 0.21 s/step | ETA 201 min | mem 23.6 GB
22:06:12 step 21150/77500 loss 0.008 ema 2.249 lr 1.69e-05 | 0.21 s/step | ETA 201 min | mem 23.6 GB
22:06:22 step 21200/77500 loss 2.316 ema 2.627 lr 1.69e-05 | 0.21 s/step | ETA 201 min | mem 23.6 GB
22:06:30 step 21250/77500 loss 3.094 ema 2.476 lr 1.69e-05 | 0.21 s/step | ETA 201 min | mem 23.6 GB
22:06:38 step 21300/77500 loss 3.309 ema 2.538 lr 1.68e-05 | 0.21 s/step | ETA 200 min | mem 23.6 GB
22:06:48 step 21350/77500 loss 2.499 ema 2.524 lr 1.68e-05 | 0.21 s/step | ETA 200 min | mem 23.6 GB
22:06:56 step 21400/77500 loss 2.072 ema 2.831 lr 1.68e-05 | 0.21 s/step | ETA 200 min | mem 23.6 GB
22:07:04 step 21450/77500 loss 3.212 ema 2.790 lr 1.68e-05 | 0.21 s/step | ETA 199 min | mem 23.6 GB
22:07:12 step 21500/77500 loss 2.395 ema 2.880 lr 1.68e-05 | 0.21 s/step | ETA 199 min | mem 23.6 GB
22:07:33 saved ckpt 81 tensors
22:07:41 step 21550/77500 loss 2.892 ema 2.840 lr 1.68e-05 | 0.21 s/step | ETA 200 min | mem 23.6 GB
22:07:49 step 21600/77500 loss 2.055 ema 2.314 lr 1.68e-05 | 0.21 s/step | ETA 199 min | mem 23.6 GB
22:07:59 step 21650/77500 loss 2.391 ema 2.574 lr 1.68e-05 | 0.21 s/step | ETA 199 min | mem 23.6 GB
22:08:07 step 21700/77500 loss 2.601 ema 2.268 lr 1.67e-05 | 0.21 s/step | ETA 199 min | mem 23.6 GB
22:08:15 step 21750/77500 loss 2.130 ema 2.743 lr 1.67e-05 | 0.21 s/step | ETA 199 min | mem 23.6 GB
22:08:25 step 21800/77500 loss 2.685 ema 2.724 lr 1.67e-05 | 0.21 s/step | ETA 198 min | mem 23.6 GB
22:08:33 step 21850/77500 loss 3.323 ema 2.779 lr 1.67e-05 | 0.21 s/step | ETA 198 min | mem 23.6 GB
22:08:41 step 21900/77500 loss 2.960 ema 2.806 lr 1.67e-05 | 0.21 s/step | ETA 198 min | mem 23.6 GB
22:08:51 step 21950/77500 loss 1.503 ema 2.536 lr 1.67e-05 | 0.21 s/step | ETA 198 min | mem 23.6 GB
22:08:59 step 22000/77500 loss 1.413 ema 2.874 lr 1.67e-05 | 0.21 s/step | ETA 197 min | mem 23.6 GB
22:09:20 saved ckpt 81 tensors
22:09:28 step 22050/77500 loss 3.067 ema 2.897 lr 1.66e-05 | 0.21 s/step | ETA 198 min | mem 23.6 GB
22:09:38 step 22100/77500 loss 3.347 ema 2.818 lr 1.66e-05 | 0.21 s/step | ETA 198 min | mem 23.6 GB
22:09:46 step 22150/77500 loss 3.152 ema 2.870 lr 1.66e-05 | 0.21 s/step | ETA 197 min | mem 23.6 GB
22:09:54 step 22200/77500 loss 2.870 ema 2.768 lr 1.66e-05 | 0.21 s/step | ETA 197 min | mem 23.6 GB
22:10:04 step 22250/77500 loss 2.329 ema 2.659 lr 1.66e-05 | 0.21 s/step | ETA 197 min | mem 23.6 GB
22:10:12 step 22300/77500 loss 2.752 ema 2.799 lr 1.66e-05 | 0.21 s/step | ETA 197 min | mem 23.6 GB
22:10:22 step 22350/77500 loss 3.821 ema 2.659 lr 1.66e-05 | 0.21 s/step | ETA 196 min | mem 23.6 GB
22:10:30 step 22400/77500 loss 2.160 ema 2.257 lr 1.65e-05 | 0.21 s/step | ETA 196 min | mem 23.6 GB
22:10:38 step 22450/77500 loss 3.092 ema 2.598 lr 1.65e-05 | 0.21 s/step | ETA 196 min | mem 23.6 GB
22:10:46 step 22500/77500 loss 0.613 ema 2.746 lr 1.65e-05 | 0.21 s/step | ETA 196 min | mem 23.6 GB
22:11:07 saved ckpt 81 tensors
22:11:18 step 22550/77500 loss 2.811 ema 3.021 lr 1.65e-05 | 0.21 s/step | ETA 196 min | mem 23.6 GB
22:11:26 step 22600/77500 loss 3.143 ema 2.846 lr 1.65e-05 | 0.21 s/step | ETA 196 min | mem 23.6 GB
22:11:34 step 22650/77500 loss 3.738 ema 2.836 lr 1.65e-05 | 0.21 s/step | ETA 196 min | mem 23.6 GB
22:11:44 step 22700/77500 loss 3.501 ema 1.975 lr 1.65e-05 | 0.21 s/step | ETA 196 min | mem 23.6 GB
22:11:52 step 22750/77500 loss 3.021 ema 2.296 lr 1.64e-05 | 0.21 s/step | ETA 195 min | mem 23.6 GB
22:12:00 step 22800/77500 loss 2.272 ema 2.562 lr 1.64e-05 | 0.21 s/step | ETA 195 min | mem 23.6 GB
22:12:10 step 22850/77500 loss 2.782 ema 2.696 lr 1.64e-05 | 0.21 s/step | ETA 195 min | mem 23.6 GB
22:12:18 step 22900/77500 loss 3.577 ema 2.363 lr 1.64e-05 | 0.21 s/step | ETA 194 min | mem 23.6 GB
22:12:26 step 22950/77500 loss 1.168 ema 2.728 lr 1.64e-05 | 0.21 s/step | ETA 194 min | mem 23.6 GB
22:12:36 step 23000/77500 loss 3.501 ema 2.461 lr 1.64e-05 | 0.21 s/step | ETA 194 min | mem 23.6 GB
22:12:56 saved ckpt 81 tensors
22:13:05 step 23050/77500 loss 2.834 ema 3.085 lr 1.63e-05 | 0.21 s/step | ETA 194 min | mem 23.6 GB
22:13:13 step 23100/77500 loss 4.087 ema 2.704 lr 1.63e-05 | 0.21 s/step | ETA 194 min | mem 23.6 GB
22:13:23 step 23150/77500 loss 3.600 ema 2.906 lr 1.63e-05 | 0.21 s/step | ETA 194 min | mem 23.6 GB
22:13:31 step 23200/77500 loss 3.590 ema 2.669 lr 1.63e-05 | 0.21 s/step | ETA 194 min | mem 23.6 GB
22:13:39 step 23250/77500 loss 2.550 ema 2.640 lr 1.63e-05 | 0.21 s/step | ETA 193 min | mem 23.6 GB
22:13:49 step 23300/77500 loss 3.114 ema 2.742 lr 1.63e-05 | 0.21 s/step | ETA 193 min | mem 23.6 GB
22:13:57 step 23350/77500 loss 2.051 ema 2.767 lr 1.63e-05 | 0.21 s/step | ETA 193 min | mem 23.6 GB
22:14:05 step 23400/77500 loss 0.424 ema 2.375 lr 1.62e-05 | 0.21 s/step | ETA 193 min | mem 23.6 GB
22:14:15 step 23450/77500 loss 1.383 ema 2.724 lr 1.62e-05 | 0.21 s/step | ETA 192 min | mem 23.6 GB
22:14:23 step 23500/77500 loss 3.779 ema 2.483 lr 1.62e-05 | 0.21 s/step | ETA 192 min | mem 23.6 GB
22:14:43 saved ckpt 81 tensors
22:14:52 step 23550/77500 loss 2.101 ema 2.504 lr 1.62e-05 | 0.21 s/step | ETA 193 min | mem 23.6 GB
22:15:00 step 23600/77500 loss 1.853 ema 2.495 lr 1.62e-05 | 0.21 s/step | ETA 192 min | mem 23.6 GB
22:15:08 step 23650/77500 loss 1.358 ema 2.132 lr 1.62e-05 | 0.21 s/step | ETA 192 min | mem 23.6 GB
22:15:16 step 23700/77500 loss 2.988 ema 2.561 lr 1.62e-05 | 0.21 s/step | ETA 192 min | mem 23.6 GB
22:15:24 step 23750/77500 loss 2.543 ema 2.545 lr 1.61e-05 | 0.21 s/step | ETA 192 min | mem 23.6 GB
22:15:34 step 23800/77500 loss 0.629 ema 2.153 lr 1.61e-05 | 0.21 s/step | ETA 191 min | mem 23.6 GB
22:15:42 step 23850/77500 loss 4.808 ema 2.487 lr 1.61e-05 | 0.21 s/step | ETA 191 min | mem 23.6 GB
22:15:50 step 23900/77500 loss 4.085 ema 2.377 lr 1.61e-05 | 0.21 s/step | ETA 191 min | mem 23.6 GB
22:16:00 step 23950/77500 loss 1.524 ema 2.732 lr 1.61e-05 | 0.21 s/step | ETA 191 min | mem 23.6 GB
22:16:08 step 24000/77500 loss 2.881 ema 2.565 lr 1.61e-05 | 0.21 s/step | ETA 190 min | mem 23.6 GB
22:16:29 saved ckpt 81 tensors
22:16:37 step 24050/77500 loss 3.152 ema 2.689 lr 1.61e-05 | 0.21 s/step | ETA 191 min | mem 23.6 GB
22:16:47 step 24100/77500 loss 3.893 ema 2.675 lr 1.60e-05 | 0.21 s/step | ETA 191 min | mem 23.6 GB
22:16:55 step 24150/77500 loss 4.281 ema 2.379 lr 1.60e-05 | 0.21 s/step | ETA 190 min | mem 23.6 GB
22:17:03 step 24200/77500 loss 0.479 ema 2.145 lr 1.60e-05 | 0.21 s/step | ETA 190 min | mem 23.6 GB
22:17:13 step 24250/77500 loss 1.944 ema 2.495 lr 1.60e-05 | 0.21 s/step | ETA 190 min | mem 23.6 GB
22:17:21 step 24300/77500 loss 3.322 ema 2.580 lr 1.60e-05 | 0.21 s/step | ETA 190 min | mem 23.6 GB
22:17:29 step 24350/77500 loss 3.542 ema 2.386 lr 1.60e-05 | 0.21 s/step | ETA 189 min | mem 23.6 GB
22:17:39 step 24400/77500 loss 3.244 ema 2.500 lr 1.59e-05 | 0.21 s/step | ETA 189 min | mem 23.6 GB
22:17:47 step 24450/77500 loss 3.034 ema 2.101 lr 1.59e-05 | 0.21 s/step | ETA 189 min | mem 23.6 GB
22:17:55 step 24500/77500 loss 1.523 ema 2.208 lr 1.59e-05 | 0.21 s/step | ETA 189 min | mem 23.6 GB
22:18:16 saved ckpt 81 tensors
22:18:24 step 24550/77500 loss 2.194 ema 2.343 lr 1.59e-05 | 0.21 s/step | ETA 189 min | mem 23.6 GB
22:18:32 step 24600/77500 loss 3.250 ema 2.099 lr 1.59e-05 | 0.21 s/step | ETA 189 min | mem 23.6 GB
22:18:40 step 24650/77500 loss 4.271 ema 2.554 lr 1.59e-05 | 0.21 s/step | ETA 189 min | mem 23.6 GB
22:18:50 step 24700/77500 loss 0.810 ema 2.796 lr 1.59e-05 | 0.21 s/step | ETA 188 min | mem 23.6 GB
22:18:58 step 24750/77500 loss 1.650 ema 2.276 lr 1.58e-05 | 0.21 s/step | ETA 188 min | mem 23.6 GB
22:19:06 step 24800/77500 loss 2.729 ema 2.488 lr 1.58e-05 | 0.21 s/step | ETA 188 min | mem 23.6 GB
22:19:16 step 24850/77500 loss 3.063 ema 2.884 lr 1.58e-05 | 0.21 s/step | ETA 188 min | mem 23.6 GB
22:19:24 step 24900/77500 loss 2.761 ema 3.157 lr 1.58e-05 | 0.21 s/step | ETA 187 min | mem 23.6 GB
22:19:32 step 24950/77500 loss 3.053 ema 2.543 lr 1.58e-05 | 0.21 s/step | ETA 187 min | mem 23.6 GB
22:19:42 step 25000/77500 loss 2.733 ema 2.603 lr 1.58e-05 | 0.21 s/step | ETA 187 min | mem 23.6 GB
22:20:03 saved ckpt 81 tensors
22:20:11 step 25050/77500 loss 3.543 ema 2.666 lr 1.57e-05 | 0.21 s/step | ETA 187 min | mem 23.6 GB
22:20:19 step 25100/77500 loss 3.058 ema 2.361 lr 1.57e-05 | 0.21 s/step | ETA 187 min | mem 23.6 GB
22:20:29 step 25150/77500 loss 2.449 ema 2.707 lr 1.57e-05 | 0.21 s/step | ETA 187 min | mem 23.6 GB
22:20:37 step 25200/77500 loss 6.391 ema 2.583 lr 1.57e-05 | 0.21 s/step | ETA 187 min | mem 23.6 GB
22:20:47 step 25250/77500 loss 2.193 ema 2.453 lr 1.57e-05 | 0.21 s/step | ETA 186 min | mem 23.6 GB
22:20:55 step 25300/77500 loss 3.465 ema 2.656 lr 1.57e-05 | 0.21 s/step | ETA 186 min | mem 23.6 GB
22:21:03 step 25350/77500 loss 3.999 ema 2.419 lr 1.57e-05 | 0.21 s/step | ETA 186 min | mem 23.6 GB
22:21:12 step 25400/77500 loss 3.471 ema 2.719 lr 1.56e-05 | 0.21 s/step | ETA 186 min | mem 23.6 GB
22:21:20 step 25450/77500 loss 2.342 ema 2.336 lr 1.56e-05 | 0.21 s/step | ETA 185 min | mem 23.6 GB
22:21:29 step 25500/77500 loss 1.886 ema 2.180 lr 1.56e-05 | 0.21 s/step | ETA 185 min | mem 23.6 GB
22:21:50 saved ckpt 81 tensors
22:22:00 step 25550/77500 loss 2.004 ema 2.027 lr 1.56e-05 | 0.21 s/step | ETA 186 min | mem 23.6 GB
22:22:08 step 25600/77500 loss 2.381 ema 2.365 lr 1.56e-05 | 0.21 s/step | ETA 185 min | mem 23.6 GB
22:22:16 step 25650/77500 loss 3.226 ema 2.410 lr 1.56e-05 | 0.21 s/step | ETA 185 min | mem 23.6 GB
22:22:25 step 25700/77500 loss 4.071 ema 2.453 lr 1.55e-05 | 0.21 s/step | ETA 185 min | mem 23.6 GB
22:22:34 step 25750/77500 loss 2.976 ema 2.809 lr 1.55e-05 | 0.21 s/step | ETA 185 min | mem 23.6 GB
22:22:42 step 25800/77500 loss 2.470 ema 2.695 lr 1.55e-05 | 0.21 s/step | ETA 184 min | mem 23.6 GB
22:22:51 step 25850/77500 loss 3.124 ema 2.701 lr 1.55e-05 | 0.21 s/step | ETA 184 min | mem 23.6 GB
22:22:59 step 25900/77500 loss 2.660 ema 2.804 lr 1.55e-05 | 0.21 s/step | ETA 184 min | mem 23.6 GB
22:23:07 step 25950/77500 loss 0.027 ema 2.363 lr 1.55e-05 | 0.21 s/step | ETA 184 min | mem 23.6 GB
22:23:17 step 26000/77500 loss 3.477 ema 2.698 lr 1.54e-05 | 0.21 s/step | ETA 183 min | mem 23.6 GB
22:23:38 saved ckpt 81 tensors
22:23:46 step 26050/77500 loss 4.099 ema 2.595 lr 1.54e-05 | 0.21 s/step | ETA 184 min | mem 23.6 GB
22:23:54 step 26100/77500 loss 3.633 ema 2.815 lr 1.54e-05 | 0.21 s/step | ETA 183 min | mem 23.6 GB
22:24:04 step 26150/77500 loss 2.082 ema 2.523 lr 1.54e-05 | 0.21 s/step | ETA 183 min | mem 23.6 GB
22:24:12 step 26200/77500 loss 3.104 ema 2.593 lr 1.54e-05 | 0.21 s/step | ETA 183 min | mem 23.6 GB
22:24:20 step 26250/77500 loss 1.659 ema 2.287 lr 1.54e-05 | 0.21 s/step | ETA 183 min | mem 23.6 GB
22:24:28 step 26300/77500 loss 3.626 ema 2.464 lr 1.54e-05 | 0.21 s/step | ETA 182 min | mem 23.6 GB
22:24:37 step 26350/77500 loss 3.241 ema 2.766 lr 1.53e-05 | 0.21 s/step | ETA 182 min | mem 23.6 GB
22:24:45 step 26400/77500 loss 3.447 ema 2.813 lr 1.53e-05 | 0.21 s/step | ETA 182 min | mem 23.6 GB
22:24:55 step 26450/77500 loss 3.663 ema 2.924 lr 1.53e-05 | 0.21 s/step | ETA 182 min | mem 23.6 GB
22:25:03 step 26500/77500 loss 1.468 ema 2.427 lr 1.53e-05 | 0.21 s/step | ETA 181 min | mem 23.6 GB
22:25:23 saved ckpt 81 tensors
22:25:32 step 26550/77500 loss 2.846 ema 2.362 lr 1.53e-05 | 0.21 s/step | ETA 182 min | mem 23.6 GB
22:25:41 step 26600/77500 loss 2.511 ema 2.607 lr 1.53e-05 | 0.21 s/step | ETA 182 min | mem 23.6 GB
22:25:50 step 26650/77500 loss 1.834 ema 2.541 lr 1.52e-05 | 0.21 s/step | ETA 181 min | mem 23.6 GB
22:25:58 step 26700/77500 loss 2.379 ema 2.679 lr 1.52e-05 | 0.21 s/step | ETA 181 min | mem 23.6 GB
22:26:07 step 26750/77500 loss 2.802 ema 3.027 lr 1.52e-05 | 0.21 s/step | ETA 181 min | mem 23.6 GB
22:26:16 step 26800/77500 loss 2.820 ema 3.103 lr 1.52e-05 | 0.21 s/step | ETA 181 min | mem 23.6 GB
22:26:24 step 26850/77500 loss 3.034 ema 2.902 lr 1.52e-05 | 0.21 s/step | ETA 180 min | mem 23.6 GB
22:26:32 step 26900/77500 loss 2.413 ema 2.778 lr 1.52e-05 | 0.21 s/step | ETA 180 min | mem 23.6 GB
22:26:41 step 26950/77500 loss 3.913 ema 2.436 lr 1.51e-05 | 0.21 s/step | ETA 180 min | mem 23.6 GB
22:26:49 step 27000/77500 loss 1.096 ema 2.583 lr 1.51e-05 | 0.21 s/step | ETA 180 min | mem 23.6 GB
22:27:10 saved ckpt 81 tensors
22:27:18 step 27050/77500 loss 4.487 ema 2.500 lr 1.51e-05 | 0.21 s/step | ETA 180 min | mem 23.6 GB
22:27:28 step 27100/77500 loss 0.420 ema 2.278 lr 1.51e-05 | 0.21 s/step | ETA 180 min | mem 23.6 GB
22:27:36 step 27150/77500 loss 1.962 ema 2.212 lr 1.51e-05 | 0.21 s/step | ETA 180 min | mem 23.6 GB
22:27:44 step 27200/77500 loss 0.012 ema 2.499 lr 1.51e-05 | 0.21 s/step | ETA 179 min | mem 23.6 GB
22:27:54 step 27250/77500 loss 3.042 ema 2.727 lr 1.50e-05 | 0.21 s/step | ETA 179 min | mem 23.6 GB
22:28:02 step 27300/77500 loss 1.361 ema 2.559 lr 1.50e-05 | 0.21 s/step | ETA 179 min | mem 23.6 GB
22:28:10 step 27350/77500 loss 3.103 ema 2.709 lr 1.50e-05 | 0.21 s/step | ETA 179 min | mem 23.6 GB
22:28:18 step 27400/77500 loss 0.791 ema 2.503 lr 1.50e-05 | 0.21 s/step | ETA 178 min | mem 23.6 GB
22:28:28 step 27450/77500 loss 1.091 ema 2.457 lr 1.50e-05 | 0.21 s/step | ETA 178 min | mem 23.6 GB
22:28:36 step 27500/77500 loss 2.657 ema 2.334 lr 1.50e-05 | 0.21 s/step | ETA 178 min | mem 23.6 GB
22:28:57 saved ckpt 81 tensors
22:29:05 step 27550/77500 loss 3.309 ema 1.818 lr 1.49e-05 | 0.21 s/step | ETA 178 min | mem 23.6 GB
22:29:15 step 27600/77500 loss 3.685 ema 2.215 lr 1.49e-05 | 0.21 s/step | ETA 178 min | mem 23.6 GB
22:29:23 step 27650/77500 loss 3.083 ema 2.649 lr 1.49e-05 | 0.21 s/step | ETA 178 min | mem 23.6 GB
22:29:32 step 27700/77500 loss 1.957 ema 2.452 lr 1.49e-05 | 0.21 s/step | ETA 178 min | mem 23.6 GB
22:29:41 step 27750/77500 loss 2.770 ema 2.568 lr 1.49e-05 | 0.21 s/step | ETA 177 min | mem 23.6 GB
22:29:50 step 27800/77500 loss 0.596 ema 2.741 lr 1.49e-05 | 0.21 s/step | ETA 177 min | mem 23.6 GB
22:29:58 step 27850/77500 loss 3.697 ema 2.827 lr 1.48e-05 | 0.21 s/step | ETA 177 min | mem 23.6 GB
22:30:06 step 27900/77500 loss 3.589 ema 2.628 lr 1.48e-05 | 0.21 s/step | ETA 177 min | mem 23.6 GB
22:30:16 step 27950/77500 loss 2.815 ema 2.361 lr 1.48e-05 | 0.21 s/step | ETA 176 min | mem 23.6 GB
22:30:24 step 28000/77500 loss 2.076 ema 2.185 lr 1.48e-05 | 0.21 s/step | ETA 176 min | mem 23.6 GB
22:30:44 saved ckpt 81 tensors
22:30:54 step 28050/77500 loss 3.524 ema 2.625 lr 1.48e-05 | 0.21 s/step | ETA 177 min | mem 23.6 GB
22:31:02 step 28100/77500 loss 3.305 ema 2.335 lr 1.48e-05 | 0.21 s/step | ETA 176 min | mem 23.6 GB
22:31:10 step 28150/77500 loss 4.023 ema 2.503 lr 1.47e-05 | 0.21 s/step | ETA 176 min | mem 23.6 GB
22:31:20 step 28200/77500 loss 3.340 ema 2.820 lr 1.47e-05 | 0.21 s/step | ETA 176 min | mem 23.6 GB
22:31:28 step 28250/77500 loss 3.644 ema 2.774 lr 1.47e-05 | 0.21 s/step | ETA 176 min | mem 23.6 GB
22:31:37 step 28300/77500 loss 3.123 ema 2.760 lr 1.47e-05 | 0.21 s/step | ETA 175 min | mem 23.6 GB
22:31:47 step 28350/77500 loss 2.359 ema 2.262 lr 1.47e-05 | 0.21 s/step | ETA 175 min | mem 23.6 GB
22:31:55 step 28400/77500 loss 0.840 ema 2.449 lr 1.47e-05 | 0.21 s/step | ETA 175 min | mem 23.6 GB
22:32:03 step 28450/77500 loss 3.315 ema 2.552 lr 1.46e-05 | 0.21 s/step | ETA 175 min | mem 23.6 GB
22:32:13 step 28500/77500 loss 2.892 ema 2.707 lr 1.46e-05 | 0.21 s/step | ETA 174 min | mem 23.6 GB
22:32:34 saved ckpt 81 tensors
22:32:42 step 28550/77500 loss 2.499 ema 2.641 lr 1.46e-05 | 0.21 s/step | ETA 175 min | mem 23.6 GB
22:32:50 step 28600/77500 loss 1.247 ema 2.339 lr 1.46e-05 | 0.21 s/step | ETA 175 min | mem 23.6 GB
22:33:00 step 28650/77500 loss 2.372 ema 2.008 lr 1.46e-05 | 0.21 s/step | ETA 174 min | mem 23.6 GB
22:33:08 step 28700/77500 loss 4.043 ema 2.629 lr 1.46e-05 | 0.21 s/step | ETA 174 min | mem 23.6 GB
22:33:16 step 28750/77500 loss 2.699 ema 2.153 lr 1.45e-05 | 0.21 s/step | ETA 174 min | mem 23.6 GB
22:33:26 step 28800/77500 loss 2.792 ema 2.340 lr 1.45e-05 | 0.21 s/step | ETA 174 min | mem 23.6 GB
22:33:34 step 28850/77500 loss 0.312 ema 2.523 lr 1.45e-05 | 0.21 s/step | ETA 173 min | mem 23.6 GB
22:33:42 step 28900/77500 loss 2.287 ema 2.590 lr 1.45e-05 | 0.21 s/step | ETA 173 min | mem 23.6 GB
22:33:52 step 28950/77500 loss 3.534 ema 2.648 lr 1.45e-05 | 0.21 s/step | ETA 173 min | mem 23.6 GB
22:34:00 step 29000/77500 loss 3.602 ema 2.746 lr 1.45e-05 | 0.21 s/step | ETA 173 min | mem 23.6 GB
22:34:21 saved ckpt 81 tensors
22:34:29 step 29050/77500 loss 0.732 ema 2.734 lr 1.44e-05 | 0.21 s/step | ETA 173 min | mem 23.6 GB
22:34:39 step 29100/77500 loss 2.674 ema 2.472 lr 1.44e-05 | 0.21 s/step | ETA 173 min | mem 23.6 GB
22:34:47 step 29150/77500 loss 2.965 ema 2.167 lr 1.44e-05 | 0.21 s/step | ETA 173 min | mem 23.6 GB
22:34:55 step 29200/77500 loss 0.941 ema 2.090 lr 1.44e-05 | 0.21 s/step | ETA 172 min | mem 23.6 GB
22:35:03 step 29250/77500 loss 2.300 ema 2.268 lr 1.44e-05 | 0.21 s/step | ETA 172 min | mem 23.6 GB
22:35:13 step 29300/77500 loss 0.014 ema 2.028 lr 1.44e-05 | 0.21 s/step | ETA 172 min | mem 23.6 GB
22:35:21 step 29350/77500 loss 3.026 ema 2.160 lr 1.43e-05 | 0.21 s/step | ETA 172 min | mem 23.6 GB
22:35:29 step 29400/77500 loss 3.981 ema 2.815 lr 1.43e-05 | 0.21 s/step | ETA 171 min | mem 23.6 GB
22:35:39 step 29450/77500 loss 2.780 ema 2.407 lr 1.43e-05 | 0.21 s/step | ETA 171 min | mem 23.6 GB
22:35:47 step 29500/77500 loss 2.951 ema 2.711 lr 1.43e-05 | 0.21 s/step | ETA 171 min | mem 23.6 GB
22:36:07 saved ckpt 81 tensors
22:36:16 step 29550/77500 loss 1.965 ema 2.238 lr 1.43e-05 | 0.21 s/step | ETA 171 min | mem 23.6 GB
22:36:26 step 29600/77500 loss 2.465 ema 2.578 lr 1.43e-05 | 0.21 s/step | ETA 171 min | mem 23.6 GB
22:36:34 step 29650/77500 loss 3.033 ema 2.380 lr 1.42e-05 | 0.21 s/step | ETA 171 min | mem 23.6 GB
22:36:42 step 29700/77500 loss 3.969 ema 2.905 lr 1.42e-05 | 0.21 s/step | ETA 171 min | mem 23.6 GB
22:36:52 step 29750/77500 loss 2.671 ema 2.676 lr 1.42e-05 | 0.21 s/step | ETA 170 min | mem 23.6 GB
22:37:00 step 29800/77500 loss 2.200 ema 2.669 lr 1.42e-05 | 0.21 s/step | ETA 170 min | mem 23.6 GB
22:37:08 step 29850/77500 loss 3.435 ema 2.808 lr 1.42e-05 | 0.21 s/step | ETA 170 min | mem 23.6 GB
22:37:17 step 29900/77500 loss 0.425 ema 2.507 lr 1.42e-05 | 0.21 s/step | ETA 170 min | mem 23.6 GB
22:37:25 step 29950/77500 loss 2.326 ema 2.533 lr 1.41e-05 | 0.21 s/step | ETA 169 min | mem 23.6 GB
22:37:35 step 30000/77500 loss 4.055 ema 2.365 lr 1.41e-05 | 0.21 s/step | ETA 169 min | mem 23.6 GB
22:37:56 saved ckpt 81 tensors
22:38:04 step 30050/77500 loss 3.536 ema 2.475 lr 1.41e-05 | 0.21 s/step | ETA 169 min | mem 23.6 GB
22:38:12 step 30100/77500 loss 0.584 ema 2.098 lr 1.41e-05 | 0.21 s/step | ETA 169 min | mem 23.6 GB
22:38:20 step 30150/77500 loss 2.642 ema 2.374 lr 1.41e-05 | 0.21 s/step | ETA 169 min | mem 23.6 GB
22:38:30 step 30200/77500 loss 1.858 ema 2.445 lr 1.41e-05 | 0.21 s/step | ETA 169 min | mem 23.6 GB
22:38:38 step 30250/77500 loss 3.983 ema 2.718 lr 1.40e-05 | 0.21 s/step | ETA 169 min | mem 23.6 GB
22:38:46 step 30300/77500 loss 0.023 ema 2.368 lr 1.40e-05 | 0.21 s/step | ETA 168 min | mem 23.6 GB
22:38:56 step 30350/77500 loss 3.344 ema 2.500 lr 1.40e-05 | 0.21 s/step | ETA 168 min | mem 23.6 GB
22:39:04 step 30400/77500 loss 4.327 ema 2.345 lr 1.40e-05 | 0.21 s/step | ETA 168 min | mem 23.6 GB
22:39:12 step 30450/77500 loss 0.908 ema 2.379 lr 1.40e-05 | 0.21 s/step | ETA 168 min | mem 23.6 GB
22:39:22 step 30500/77500 loss 2.440 ema 2.488 lr 1.40e-05 | 0.21 s/step | ETA 167 min | mem 23.6 GB
22:39:43 saved ckpt 81 tensors
22:39:51 step 30550/77500 loss 1.771 ema 2.533 lr 1.39e-05 | 0.21 s/step | ETA 168 min | mem 23.6 GB
22:39:59 step 30600/77500 loss 2.533 ema 2.337 lr 1.39e-05 | 0.21 s/step | ETA 167 min | mem 23.6 GB
22:40:07 step 30650/77500 loss 2.459 ema 2.534 lr 1.39e-05 | 0.21 s/step | ETA 167 min | mem 23.6 GB
22:40:17 step 30700/77500 loss 0.001 ema 2.291 lr 1.39e-05 | 0.21 s/step | ETA 167 min | mem 23.6 GB
22:40:25 step 30750/77500 loss 3.044 ema 2.466 lr 1.39e-05 | 0.21 s/step | ETA 167 min | mem 23.6 GB
22:40:33 step 30800/77500 loss 4.217 ema 2.497 lr 1.39e-05 | 0.21 s/step | ETA 166 min | mem 23.6 GB
22:40:43 step 30850/77500 loss 1.508 ema 2.376 lr 1.38e-05 | 0.21 s/step | ETA 166 min | mem 23.6 GB
22:40:51 step 30900/77500 loss 2.052 ema 2.320 lr 1.38e-05 | 0.21 s/step | ETA 166 min | mem 23.6 GB
22:40:59 step 30950/77500 loss 3.081 ema 2.457 lr 1.38e-05 | 0.21 s/step | ETA 166 min | mem 23.6 GB
22:41:09 step 31000/77500 loss 2.729 ema 1.992 lr 1.38e-05 | 0.21 s/step | ETA 166 min | mem 23.6 GB
22:41:30 saved ckpt 81 tensors
22:41:38 step 31050/77500 loss 3.142 ema 2.114 lr 1.38e-05 | 0.21 s/step | ETA 166 min | mem 23.6 GB
22:41:47 step 31100/77500 loss 2.847 ema 2.350 lr 1.37e-05 | 0.21 s/step | ETA 166 min | mem 23.6 GB
22:41:57 step 31150/77500 loss 2.048 ema 2.486 lr 1.37e-05 | 0.21 s/step | ETA 165 min | mem 23.6 GB
22:42:05 step 31200/77500 loss 3.018 ema 2.562 lr 1.37e-05 | 0.21 s/step | ETA 165 min | mem 23.6 GB
22:42:13 step 31250/77500 loss 2.953 ema 2.574 lr 1.37e-05 | 0.21 s/step | ETA 165 min | mem 23.6 GB
22:42:23 step 31300/77500 loss 1.799 ema 2.792 lr 1.37e-05 | 0.21 s/step | ETA 165 min | mem 23.6 GB
22:42:31 step 31350/77500 loss 3.109 ema 2.680 lr 1.37e-05 | 0.21 s/step | ETA 165 min | mem 23.6 GB
22:42:39 step 31400/77500 loss 2.949 ema 2.800 lr 1.36e-05 | 0.21 s/step | ETA 164 min | mem 23.6 GB
22:42:49 step 31450/77500 loss 2.451 ema 2.367 lr 1.36e-05 | 0.21 s/step | ETA 164 min | mem 23.6 GB
22:42:57 step 31500/77500 loss 1.708 ema 2.401 lr 1.36e-05 | 0.21 s/step | ETA 164 min | mem 23.6 GB
22:43:17 saved ckpt 81 tensors
22:43:26 step 31550/77500 loss 0.280 ema 2.589 lr 1.36e-05 | 0.21 s/step | ETA 164 min | mem 23.6 GB
22:43:36 step 31600/77500 loss 1.233 ema 2.553 lr 1.36e-05 | 0.21 s/step | ETA 164 min | mem 23.6 GB
22:43:44 step 31650/77500 loss 0.596 ema 2.537 lr 1.36e-05 | 0.21 s/step | ETA 164 min | mem 23.6 GB
22:43:52 step 31700/77500 loss 3.053 ema 2.596 lr 1.35e-05 | 0.21 s/step | ETA 163 min | mem 23.6 GB
22:44:02 step 31750/77500 loss 3.991 ema 2.633 lr 1.35e-05 | 0.21 s/step | ETA 163 min | mem 23.6 GB
22:44:10 step 31800/77500 loss 2.448 ema 2.531 lr 1.35e-05 | 0.21 s/step | ETA 163 min | mem 23.6 GB
22:44:18 step 31850/77500 loss 3.263 ema 2.627 lr 1.35e-05 | 0.21 s/step | ETA 163 min | mem 23.6 GB
22:44:28 step 31900/77500 loss 0.977 ema 2.504 lr 1.35e-05 | 0.21 s/step | ETA 163 min | mem 23.6 GB
22:44:36 step 31950/77500 loss 1.745 ema 2.492 lr 1.34e-05 | 0.21 s/step | ETA 162 min | mem 23.6 GB
22:44:44 step 32000/77500 loss 3.146 ema 2.474 lr 1.34e-05 | 0.21 s/step | ETA 162 min | mem 23.6 GB
22:45:04 saved ckpt 81 tensors
22:45:13 step 32050/77500 loss 2.767 ema 2.570 lr 1.34e-05 | 0.21 s/step | ETA 162 min | mem 23.6 GB
22:45:23 step 32100/77500 loss 1.688 ema 2.101 lr 1.34e-05 | 0.21 s/step | ETA 162 min | mem 23.6 GB
22:45:31 step 32150/77500 loss 1.930 ema 2.620 lr 1.34e-05 | 0.21 s/step | ETA 162 min | mem 23.6 GB
22:45:41 step 32200/77500 loss 3.212 ema 2.823 lr 1.34e-05 | 0.21 s/step | ETA 162 min | mem 23.6 GB
22:45:49 step 32250/77500 loss 2.840 ema 2.663 lr 1.33e-05 | 0.21 s/step | ETA 161 min | mem 23.6 GB
22:45:57 step 32300/77500 loss 3.623 ema 2.625 lr 1.33e-05 | 0.21 s/step | ETA 161 min | mem 23.6 GB
22:46:05 step 32350/77500 loss 3.200 ema 2.762 lr 1.33e-05 | 0.21 s/step | ETA 161 min | mem 23.6 GB
22:46:15 step 32400/77500 loss 3.165 ema 2.831 lr 1.33e-05 | 0.21 s/step | ETA 161 min | mem 23.6 GB
22:46:23 step 32450/77500 loss 3.140 ema 2.076 lr 1.33e-05 | 0.21 s/step | ETA 161 min | mem 23.6 GB
22:46:31 step 32500/77500 loss 3.229 ema 2.475 lr 1.33e-05 | 0.21 s/step | ETA 160 min | mem 23.6 GB
22:46:51 saved ckpt 81 tensors
22:47:01 step 32550/77500 loss 1.563 ema 2.563 lr 1.32e-05 | 0.21 s/step | ETA 161 min | mem 23.6 GB
22:47:09 step 32600/77500 loss 2.634 ema 2.628 lr 1.32e-05 | 0.21 s/step | ETA 160 min | mem 23.6 GB
22:47:18 step 32650/77500 loss 2.366 ema 2.715 lr 1.32e-05 | 0.21 s/step | ETA 160 min | mem 23.6 GB
22:47:27 step 32700/77500 loss 1.524 ema 2.859 lr 1.32e-05 | 0.21 s/step | ETA 160 min | mem 23.6 GB
22:47:36 step 32750/77500 loss 0.429 ema 2.884 lr 1.32e-05 | 0.21 s/step | ETA 160 min | mem 23.6 GB
22:47:44 step 32800/77500 loss 0.035 ema 2.347 lr 1.32e-05 | 0.21 s/step | ETA 159 min | mem 23.6 GB
22:47:53 step 32850/77500 loss 3.319 ema 2.651 lr 1.31e-05 | 0.21 s/step | ETA 159 min | mem 23.6 GB
22:48:02 step 32900/77500 loss 1.618 ema 2.522 lr 1.31e-05 | 0.21 s/step | ETA 159 min | mem 23.6 GB
22:48:10 step 32950/77500 loss 0.982 ema 2.371 lr 1.31e-05 | 0.21 s/step | ETA 159 min | mem 23.6 GB
22:48:19 step 33000/77500 loss 3.619 ema 2.405 lr 1.31e-05 | 0.21 s/step | ETA 159 min | mem 23.6 GB
22:48:40 saved ckpt 81 tensors
22:48:48 step 33050/77500 loss 2.929 ema 2.583 lr 1.31e-05 | 0.21 s/step | ETA 159 min | mem 23.6 GB
22:48:56 step 33100/77500 loss 2.929 ema 2.640 lr 1.30e-05 | 0.21 s/step | ETA 159 min | mem 23.6 GB
22:49:06 step 33150/77500 loss 2.129 ema 2.355 lr 1.30e-05 | 0.21 s/step | ETA 158 min | mem 23.6 GB
22:49:14 step 33200/77500 loss 3.123 ema 2.842 lr 1.30e-05 | 0.21 s/step | ETA 158 min | mem 23.6 GB
22:49:22 step 33250/77500 loss 2.518 ema 2.729 lr 1.30e-05 | 0.21 s/step | ETA 158 min | mem 23.6 GB
22:49:32 step 33300/77500 loss 1.735 ema 2.330 lr 1.30e-05 | 0.21 s/step | ETA 158 min | mem 23.6 GB
22:49:40 step 33350/77500 loss 3.335 ema 1.955 lr 1.30e-05 | 0.21 s/step | ETA 157 min | mem 23.6 GB
22:49:48 step 33400/77500 loss 3.162 ema 2.516 lr 1.29e-05 | 0.21 s/step | ETA 157 min | mem 23.6 GB
22:49:58 step 33450/77500 loss 6.156 ema 2.794 lr 1.29e-05 | 0.21 s/step | ETA 157 min | mem 23.6 GB
22:50:06 step 33500/77500 loss 2.181 ema 2.347 lr 1.29e-05 | 0.21 s/step | ETA 157 min | mem 23.6 GB
22:50:27 saved ckpt 81 tensors
22:50:35 step 33550/77500 loss 2.607 ema 2.447 lr 1.29e-05 | 0.21 s/step | ETA 157 min | mem 23.6 GB
22:50:43 step 33600/77500 loss 3.106 ema 2.613 lr 1.29e-05 | 0.21 s/step | ETA 157 min | mem 23.6 GB
22:50:53 step 33650/77500 loss 2.930 ema 2.718 lr 1.28e-05 | 0.21 s/step | ETA 157 min | mem 23.6 GB
22:51:01 step 33700/77500 loss 2.474 ema 2.807 lr 1.28e-05 | 0.21 s/step | ETA 156 min | mem 23.6 GB
22:51:09 step 33750/77500 loss 1.605 ema 2.578 lr 1.28e-05 | 0.21 s/step | ETA 156 min | mem 23.6 GB
22:51:19 step 33800/77500 loss 1.678 ema 2.418 lr 1.28e-05 | 0.21 s/step | ETA 156 min | mem 23.6 GB
22:51:27 step 33850/77500 loss 3.829 ema 2.306 lr 1.28e-05 | 0.21 s/step | ETA 156 min | mem 23.6 GB
22:51:35 step 33900/77500 loss 0.152 ema 2.174 lr 1.28e-05 | 0.21 s/step | ETA 155 min | mem 23.6 GB
22:51:46 step 33950/77500 loss 3.164 ema 2.367 lr 1.27e-05 | 0.21 s/step | ETA 155 min | mem 23.6 GB
22:51:55 step 34000/77500 loss 2.205 ema 2.347 lr 1.27e-05 | 0.21 s/step | ETA 155 min | mem 23.6 GB
22:52:15 saved ckpt 81 tensors
22:52:24 step 34050/77500 loss 3.015 ema 2.624 lr 1.27e-05 | 0.21 s/step | ETA 155 min | mem 23.6 GB
22:52:34 step 34100/77500 loss 3.318 ema 2.510 lr 1.27e-05 | 0.21 s/step | ETA 155 min | mem 23.6 GB
22:52:42 step 34150/77500 loss 0.443 ema 2.253 lr 1.27e-05 | 0.21 s/step | ETA 155 min | mem 23.6 GB
22:52:50 step 34200/77500 loss 3.166 ema 2.467 lr 1.27e-05 | 0.21 s/step | ETA 155 min | mem 23.6 GB
22:53:00 step 34250/77500 loss 1.768 ema 2.821 lr 1.26e-05 | 0.21 s/step | ETA 154 min | mem 23.6 GB
22:53:08 step 34300/77500 loss 3.025 ema 2.779 lr 1.26e-05 | 0.21 s/step | ETA 154 min | mem 23.6 GB
22:53:16 step 34350/77500 loss 1.095 ema 2.476 lr 1.26e-05 | 0.21 s/step | ETA 154 min | mem 23.6 GB
22:53:26 step 34400/77500 loss 3.621 ema 2.706 lr 1.26e-05 | 0.21 s/step | ETA 154 min | mem 23.6 GB
22:53:34 step 34450/77500 loss 3.358 ema 2.719 lr 1.26e-05 | 0.21 s/step | ETA 153 min | mem 23.6 GB
22:53:42 step 34500/77500 loss 3.135 ema 2.752 lr 1.25e-05 | 0.21 s/step | ETA 153 min | mem 23.6 GB
22:54:03 saved ckpt 81 tensors
22:54:13 step 34550/77500 loss 3.096 ema 2.818 lr 1.25e-05 | 0.21 s/step | ETA 153 min | mem 23.6 GB
22:54:21 step 34600/77500 loss 3.153 ema 2.325 lr 1.25e-05 | 0.21 s/step | ETA 153 min | mem 23.6 GB
22:54:29 step 34650/77500 loss 2.636 ema 2.846 lr 1.25e-05 | 0.21 s/step | ETA 153 min | mem 23.6 GB
22:54:39 step 34700/77500 loss 0.980 ema 2.603 lr 1.25e-05 | 0.21 s/step | ETA 153 min | mem 23.6 GB
22:54:47 step 34750/77500 loss 1.592 ema 2.635 lr 1.25e-05 | 0.21 s/step | ETA 153 min | mem 23.6 GB
22:54:55 step 34800/77500 loss 2.851 ema 2.383 lr 1.24e-05 | 0.21 s/step | ETA 152 min | mem 23.6 GB
22:55:05 step 34850/77500 loss 1.559 ema 2.546 lr 1.24e-05 | 0.21 s/step | ETA 152 min | mem 23.6 GB
22:55:13 step 34900/77500 loss 1.898 ema 2.735 lr 1.24e-05 | 0.21 s/step | ETA 152 min | mem 23.6 GB
22:55:21 step 34950/77500 loss 2.953 ema 2.670 lr 1.24e-05 | 0.21 s/step | ETA 152 min | mem 23.6 GB
22:55:31 step 35000/77500 loss 2.742 ema 2.451 lr 1.24e-05 | 0.21 s/step | ETA 152 min | mem 23.6 GB
22:55:51 saved ckpt 81 tensors
22:56:00 step 35050/77500 loss 2.704 ema 2.633 lr 1.23e-05 | 0.21 s/step | ETA 152 min | mem 23.6 GB
22:56:08 step 35100/77500 loss 2.545 ema 2.384 lr 1.23e-05 | 0.21 s/step | ETA 151 min | mem 23.6 GB
22:56:18 step 35150/77500 loss 2.502 ema 2.293 lr 1.23e-05 | 0.21 s/step | ETA 151 min | mem 23.6 GB
22:56:26 step 35200/77500 loss 3.604 ema 2.729 lr 1.23e-05 | 0.21 s/step | ETA 151 min | mem 23.6 GB
22:56:34 step 35250/77500 loss 3.998 ema 2.855 lr 1.23e-05 | 0.21 s/step | ETA 151 min | mem 23.6 GB
22:56:44 step 35300/77500 loss 1.696 ema 2.671 lr 1.23e-05 | 0.21 s/step | ETA 151 min | mem 23.6 GB
22:56:52 step 35350/77500 loss 2.801 ema 2.751 lr 1.22e-05 | 0.21 s/step | ETA 150 min | mem 23.6 GB
22:57:00 step 35400/77500 loss 3.311 ema 2.755 lr 1.22e-05 | 0.21 s/step | ETA 150 min | mem 23.6 GB
22:57:08 step 35450/77500 loss 2.564 ema 2.271 lr 1.22e-05 | 0.21 s/step | ETA 150 min | mem 23.6 GB
22:57:18 step 35500/77500 loss 4.179 ema 2.324 lr 1.22e-05 | 0.21 s/step | ETA 150 min | mem 23.6 GB
22:57:38 saved ckpt 81 tensors
22:57:47 step 35550/77500 loss 3.140 ema 2.373 lr 1.22e-05 | 0.21 s/step | ETA 150 min | mem 23.6 GB
22:57:55 step 35600/77500 loss 2.844 ema 2.633 lr 1.21e-05 | 0.21 s/step | ETA 150 min | mem 23.6 GB
22:58:05 step 35650/77500 loss 3.773 ema 2.870 lr 1.21e-05 | 0.21 s/step | ETA 149 min | mem 23.6 GB
22:58:13 step 35700/77500 loss 0.630 ema 2.565 lr 1.21e-05 | 0.21 s/step | ETA 149 min | mem 23.6 GB
22:58:21 step 35750/77500 loss 0.251 ema 2.032 lr 1.21e-05 | 0.21 s/step | ETA 149 min | mem 23.6 GB
22:58:31 step 35800/77500 loss 3.733 ema 2.420 lr 1.21e-05 | 0.21 s/step | ETA 149 min | mem 23.6 GB
22:58:39 step 35850/77500 loss 2.365 ema 2.577 lr 1.21e-05 | 0.21 s/step | ETA 149 min | mem 23.6 GB
22:58:47 step 35900/77500 loss 1.556 ema 2.294 lr 1.20e-05 | 0.21 s/step | ETA 148 min | mem 23.6 GB
22:58:57 step 35950/77500 loss 3.532 ema 2.728 lr 1.20e-05 | 0.21 s/step | ETA 148 min | mem 23.6 GB
22:59:05 step 36000/77500 loss 2.524 ema 2.942 lr 1.20e-05 | 0.21 s/step | ETA 148 min | mem 23.6 GB
22:59:25 saved ckpt 81 tensors
22:59:34 step 36050/77500 loss 2.748 ema 2.813 lr 1.20e-05 | 0.21 s/step | ETA 148 min | mem 23.6 GB
22:59:44 step 36100/77500 loss 2.824 ema 2.605 lr 1.20e-05 | 0.21 s/step | ETA 148 min | mem 23.6 GB
22:59:52 step 36150/77500 loss 2.347 ema 2.265 lr 1.19e-05 | 0.21 s/step | ETA 148 min | mem 23.6 GB
23:00:00 step 36200/77500 loss 0.129 ema 2.452 lr 1.19e-05 | 0.21 s/step | ETA 147 min | mem 23.6 GB
23:00:10 step 36250/77500 loss 2.226 ema 2.512 lr 1.19e-05 | 0.21 s/step | ETA 147 min | mem 23.6 GB
23:00:18 step 36300/77500 loss 4.311 ema 2.669 lr 1.19e-05 | 0.21 s/step | ETA 147 min | mem 23.6 GB
23:00:26 step 36350/77500 loss 1.895 ema 2.636 lr 1.19e-05 | 0.21 s/step | ETA 147 min | mem 23.6 GB
23:00:36 step 36400/77500 loss 4.162 ema 2.554 lr 1.19e-05 | 0.21 s/step | ETA 147 min | mem 23.6 GB
23:00:44 step 36450/77500 loss 2.630 ema 2.647 lr 1.18e-05 | 0.21 s/step | ETA 146 min | mem 23.6 GB
23:00:52 step 36500/77500 loss 3.626 ema 2.270 lr 1.18e-05 | 0.21 s/step | ETA 146 min | mem 23.6 GB
23:01:13 saved ckpt 81 tensors
23:01:23 step 36550/77500 loss 2.875 ema 2.403 lr 1.18e-05 | 0.21 s/step | ETA 146 min | mem 23.6 GB
23:01:31 step 36600/77500 loss 2.237 ema 2.197 lr 1.18e-05 | 0.21 s/step | ETA 146 min | mem 23.6 GB
23:01:39 step 36650/77500 loss 2.438 ema 2.307 lr 1.18e-05 | 0.21 s/step | ETA 146 min | mem 23.6 GB
23:01:47 step 36700/77500 loss 2.959 ema 2.377 lr 1.17e-05 | 0.21 s/step | ETA 146 min | mem 23.6 GB
23:01:58 step 36750/77500 loss 3.205 ema 2.695 lr 1.17e-05 | 0.21 s/step | ETA 146 min | mem 23.6 GB
23:02:06 step 36800/77500 loss 3.032 ema 2.854 lr 1.17e-05 | 0.21 s/step | ETA 145 min | mem 23.6 GB
23:02:14 step 36850/77500 loss 1.829 ema 2.882 lr 1.17e-05 | 0.21 s/step | ETA 145 min | mem 23.6 GB
23:02:24 step 36900/77500 loss 0.337 ema 2.493 lr 1.17e-05 | 0.21 s/step | ETA 145 min | mem 23.6 GB
23:02:32 step 36950/77500 loss 3.201 ema 2.404 lr 1.17e-05 | 0.21 s/step | ETA 145 min | mem 23.6 GB
23:02:40 step 37000/77500 loss 2.890 ema 2.767 lr 1.16e-05 | 0.21 s/step | ETA 144 min | mem 23.6 GB
23:03:01 saved ckpt 81 tensors
23:03:11 step 37050/77500 loss 2.631 ema 2.167 lr 1.16e-05 | 0.21 s/step | ETA 145 min | mem 23.6 GB
23:03:19 step 37100/77500 loss 2.001 ema 2.614 lr 1.16e-05 | 0.21 s/step | ETA 144 min | mem 23.6 GB
23:03:27 step 37150/77500 loss 1.091 ema 2.485 lr 1.16e-05 | 0.21 s/step | ETA 144 min | mem 23.6 GB
23:03:37 step 37200/77500 loss 3.997 ema 2.566 lr 1.16e-05 | 0.21 s/step | ETA 144 min | mem 23.6 GB
23:03:45 step 37250/77500 loss 0.800 ema 2.604 lr 1.15e-05 | 0.21 s/step | ETA 144 min | mem 23.6 GB
23:03:53 step 37300/77500 loss 1.240 ema 2.413 lr 1.15e-05 | 0.21 s/step | ETA 143 min | mem 23.6 GB
23:04:03 step 37350/77500 loss 0.496 ema 2.616 lr 1.15e-05 | 0.21 s/step | ETA 143 min | mem 23.6 GB
23:04:11 step 37400/77500 loss 3.362 ema 2.425 lr 1.15e-05 | 0.21 s/step | ETA 143 min | mem 23.6 GB
23:04:19 step 37450/77500 loss 2.628 ema 2.512 lr 1.15e-05 | 0.21 s/step | ETA 143 min | mem 23.6 GB
23:04:29 step 37500/77500 loss 0.408 ema 2.157 lr 1.15e-05 | 0.21 s/step | ETA 143 min | mem 23.6 GB
23:04:49 saved ckpt 81 tensors
23:04:58 step 37550/77500 loss 3.044 ema 2.539 lr 1.14e-05 | 0.21 s/step | ETA 143 min | mem 23.6 GB
23:05:06 step 37600/77500 loss 2.632 ema 2.348 lr 1.14e-05 | 0.21 s/step | ETA 143 min | mem 23.6 GB
23:05:15 step 37650/77500 loss 1.005 ema 2.465 lr 1.14e-05 | 0.21 s/step | ETA 142 min | mem 23.6 GB
23:05:24 step 37700/77500 loss 2.584 ema 2.662 lr 1.14e-05 | 0.21 s/step | ETA 142 min | mem 23.6 GB
23:05:32 step 37750/77500 loss 3.230 ema 2.794 lr 1.14e-05 | 0.21 s/step | ETA 142 min | mem 23.6 GB
23:05:41 step 37800/77500 loss 1.115 ema 2.687 lr 1.13e-05 | 0.21 s/step | ETA 142 min | mem 23.6 GB
23:05:49 step 37850/77500 loss 3.313 ema 2.590 lr 1.13e-05 | 0.21 s/step | ETA 142 min | mem 23.6 GB
23:05:58 step 37900/77500 loss 2.362 ema 2.855 lr 1.13e-05 | 0.21 s/step | ETA 141 min | mem 23.6 GB
23:06:07 step 37950/77500 loss 2.889 ema 2.832 lr 1.13e-05 | 0.21 s/step | ETA 141 min | mem 23.6 GB
23:06:15 step 38000/77500 loss 2.361 ema 2.809 lr 1.13e-05 | 0.21 s/step | ETA 141 min | mem 23.6 GB
23:06:36 saved ckpt 81 tensors
23:06:44 step 38050/77500 loss 3.074 ema 2.653 lr 1.13e-05 | 0.21 s/step | ETA 141 min | mem 23.6 GB
23:06:52 step 38100/77500 loss 2.253 ema 2.745 lr 1.12e-05 | 0.21 s/step | ETA 141 min | mem 23.6 GB
23:07:02 step 38150/77500 loss 3.128 ema 2.703 lr 1.12e-05 | 0.21 s/step | ETA 141 min | mem 23.6 GB
23:07:10 step 38200/77500 loss 3.824 ema 2.873 lr 1.12e-05 | 0.21 s/step | ETA 140 min | mem 23.6 GB
23:07:18 step 38250/77500 loss 1.382 ema 2.517 lr 1.12e-05 | 0.21 s/step | ETA 140 min | mem 23.6 GB
23:07:28 step 38300/77500 loss 2.513 ema 2.489 lr 1.12e-05 | 0.21 s/step | ETA 140 min | mem 23.6 GB
23:07:36 step 38350/77500 loss 2.985 ema 2.537 lr 1.11e-05 | 0.21 s/step | ETA 140 min | mem 23.6 GB
23:07:44 step 38400/77500 loss 1.417 ema 2.408 lr 1.11e-05 | 0.21 s/step | ETA 139 min | mem 23.6 GB
23:07:52 step 38450/77500 loss 2.981 ema 2.489 lr 1.11e-05 | 0.21 s/step | ETA 139 min | mem 23.6 GB
23:08:00 step 38500/77500 loss 1.708 ema 2.024 lr 1.11e-05 | 0.21 s/step | ETA 139 min | mem 23.6 GB
23:08:21 saved ckpt 81 tensors
23:08:29 step 38550/77500 loss 1.790 ema 2.423 lr 1.11e-05 | 0.21 s/step | ETA 139 min | mem 23.6 GB
23:08:38 step 38600/77500 loss 0.084 ema 2.549 lr 1.11e-05 | 0.21 s/step | ETA 139 min | mem 23.6 GB
23:08:46 step 38650/77500 loss 2.263 ema 2.500 lr 1.10e-05 | 0.21 s/step | ETA 139 min | mem 23.6 GB
23:08:54 step 38700/77500 loss 2.257 ema 2.350 lr 1.10e-05 | 0.21 s/step | ETA 139 min | mem 23.6 GB
23:09:02 step 38750/77500 loss 4.373 ema 2.745 lr 1.10e-05 | 0.21 s/step | ETA 138 min | mem 23.6 GB
23:09:10 step 38800/77500 loss 2.780 ema 2.868 lr 1.10e-05 | 0.21 s/step | ETA 138 min | mem 23.6 GB
23:09:18 step 38850/77500 loss 4.335 ema 2.524 lr 1.10e-05 | 0.21 s/step | ETA 138 min | mem 23.6 GB
23:09:26 step 38900/77500 loss 2.816 ema 2.100 lr 1.09e-05 | 0.21 s/step | ETA 138 min | mem 23.6 GB
23:09:35 step 38950/77500 loss 2.728 ema 2.314 lr 1.09e-05 | 0.21 s/step | ETA 137 min | mem 23.6 GB
23:09:43 step 39000/77500 loss 3.426 ema 2.442 lr 1.09e-05 | 0.21 s/step | ETA 137 min | mem 23.6 GB
23:10:03 saved ckpt 81 tensors
23:10:12 step 39050/77500 loss 1.856 ema 2.399 lr 1.09e-05 | 0.21 s/step | ETA 137 min | mem 23.6 GB
23:10:20 step 39100/77500 loss 1.985 ema 2.261 lr 1.09e-05 | 0.21 s/step | ETA 137 min | mem 23.6 GB
23:10:28 step 39150/77500 loss 3.864 ema 2.520 lr 1.09e-05 | 0.21 s/step | ETA 137 min | mem 23.6 GB
23:10:36 step 39200/77500 loss 3.324 ema 2.510 lr 1.08e-05 | 0.21 s/step | ETA 137 min | mem 23.6 GB
23:10:46 step 39250/77500 loss 2.255 ema 2.855 lr 1.08e-05 | 0.21 s/step | ETA 136 min | mem 23.6 GB
23:10:54 step 39300/77500 loss 1.799 ema 2.771 lr 1.08e-05 | 0.21 s/step | ETA 136 min | mem 23.6 GB
23:11:02 step 39350/77500 loss 3.424 ema 2.966 lr 1.08e-05 | 0.21 s/step | ETA 136 min | mem 23.6 GB
23:11:12 step 39400/77500 loss 2.639 ema 2.832 lr 1.08e-05 | 0.21 s/step | ETA 136 min | mem 23.6 GB
23:11:20 step 39450/77500 loss 1.583 ema 2.068 lr 1.07e-05 | 0.21 s/step | ETA 136 min | mem 23.6 GB
23:11:28 step 39500/77500 loss 0.831 ema 2.328 lr 1.07e-05 | 0.21 s/step | ETA 135 min | mem 23.6 GB
23:11:49 saved ckpt 81 tensors
23:11:59 step 39550/77500 loss 2.042 ema 2.595 lr 1.07e-05 | 0.21 s/step | ETA 136 min | mem 23.6 GB
23:12:08 step 39600/77500 loss 1.268 ema 2.528 lr 1.07e-05 | 0.21 s/step | ETA 135 min | mem 23.6 GB
23:12:16 step 39650/77500 loss 3.094 ema 2.632 lr 1.07e-05 | 0.21 s/step | ETA 135 min | mem 23.6 GB
23:12:24 step 39700/77500 loss 2.204 ema 2.481 lr 1.07e-05 | 0.21 s/step | ETA 135 min | mem 23.6 GB
23:12:32 step 39750/77500 loss 2.596 ema 2.416 lr 1.06e-05 | 0.21 s/step | ETA 135 min | mem 23.6 GB
23:12:40 step 39800/77500 loss 3.123 ema 2.429 lr 1.06e-05 | 0.21 s/step | ETA 134 min | mem 23.6 GB
23:12:49 step 39850/77500 loss 2.851 ema 2.775 lr 1.06e-05 | 0.21 s/step | ETA 134 min | mem 23.6 GB
23:12:57 step 39900/77500 loss 2.533 ema 2.690 lr 1.06e-05 | 0.21 s/step | ETA 134 min | mem 23.6 GB
23:13:05 step 39950/77500 loss 0.331 ema 2.424 lr 1.06e-05 | 0.21 s/step | ETA 134 min | mem 23.6 GB
23:13:13 step 40000/77500 loss 3.997 ema 2.458 lr 1.05e-05 | 0.21 s/step | ETA 134 min | mem 23.6 GB
23:13:34 saved ckpt 81 tensors
23:13:42 step 40050/77500 loss 2.382 ema 2.329 lr 1.05e-05 | 0.21 s/step | ETA 134 min | mem 23.6 GB
23:13:50 step 40100/77500 loss 3.094 ema 2.147 lr 1.05e-05 | 0.21 s/step | ETA 133 min | mem 23.6 GB
23:13:58 step 40150/77500 loss 1.550 ema 2.208 lr 1.05e-05 | 0.21 s/step | ETA 133 min | mem 23.6 GB
23:14:08 step 40200/77500 loss 3.772 ema 2.176 lr 1.05e-05 | 0.21 s/step | ETA 133 min | mem 23.6 GB
23:14:16 step 40250/77500 loss 2.342 ema 2.164 lr 1.05e-05 | 0.21 s/step | ETA 133 min | mem 23.6 GB
23:14:24 step 40300/77500 loss 3.504 ema 2.438 lr 1.04e-05 | 0.21 s/step | ETA 133 min | mem 23.6 GB
23:14:34 step 40350/77500 loss 2.873 ema 2.660 lr 1.04e-05 | 0.21 s/step | ETA 132 min | mem 23.6 GB
23:14:42 step 40400/77500 loss 1.823 ema 2.562 lr 1.04e-05 | 0.21 s/step | ETA 132 min | mem 23.6 GB
23:14:50 step 40450/77500 loss 3.279 ema 2.805 lr 1.04e-05 | 0.21 s/step | ETA 132 min | mem 23.6 GB
23:15:00 step 40500/77500 loss 2.889 ema 2.697 lr 1.04e-05 | 0.21 s/step | ETA 132 min | mem 23.6 GB
23:15:21 saved ckpt 81 tensors
23:15:29 step 40550/77500 loss 2.290 ema 2.791 lr 1.03e-05 | 0.21 s/step | ETA 132 min | mem 23.6 GB
23:15:37 step 40600/77500 loss 2.229 ema 2.683 lr 1.03e-05 | 0.21 s/step | ETA 132 min | mem 23.6 GB
23:15:45 step 40650/77500 loss 1.648 ema 2.507 lr 1.03e-05 | 0.21 s/step | ETA 131 min | mem 23.6 GB
23:15:53 step 40700/77500 loss 3.759 ema 2.333 lr 1.03e-05 | 0.21 s/step | ETA 131 min | mem 23.6 GB
23:16:01 step 40750/77500 loss 3.492 ema 2.817 lr 1.03e-05 | 0.21 s/step | ETA 131 min | mem 23.6 GB
23:16:11 step 40800/77500 loss 3.901 ema 2.720 lr 1.03e-05 | 0.21 s/step | ETA 131 min | mem 23.6 GB
23:16:19 step 40850/77500 loss 1.164 ema 2.783 lr 1.02e-05 | 0.21 s/step | ETA 131 min | mem 23.6 GB
23:16:27 step 40900/77500 loss 0.288 ema 2.699 lr 1.02e-05 | 0.21 s/step | ETA 130 min | mem 23.6 GB
23:16:35 step 40950/77500 loss 1.036 ema 2.520 lr 1.02e-05 | 0.21 s/step | ETA 130 min | mem 23.6 GB
23:16:44 step 41000/77500 loss 0.009 ema 2.526 lr 1.02e-05 | 0.21 s/step | ETA 130 min | mem 23.6 GB
23:17:04 saved ckpt 81 tensors
23:17:12 step 41050/77500 loss 0.823 ema 2.792 lr 1.02e-05 | 0.21 s/step | ETA 130 min | mem 23.6 GB
23:17:21 step 41100/77500 loss 1.659 ema 2.684 lr 1.01e-05 | 0.21 s/step | ETA 130 min | mem 23.6 GB
23:17:30 step 41150/77500 loss 2.925 ema 2.723 lr 1.01e-05 | 0.21 s/step | ETA 130 min | mem 23.6 GB
23:17:38 step 41200/77500 loss 2.363 ema 2.866 lr 1.01e-05 | 0.21 s/step | ETA 129 min | mem 23.6 GB
23:17:47 step 41250/77500 loss 3.431 ema 2.698 lr 1.01e-05 | 0.21 s/step | ETA 129 min | mem 23.6 GB
23:17:56 step 41300/77500 loss 1.502 ema 2.778 lr 1.01e-05 | 0.21 s/step | ETA 129 min | mem 23.6 GB
23:18:05 step 41350/77500 loss 3.441 ema 2.774 lr 1.01e-05 | 0.21 s/step | ETA 129 min | mem 23.6 GB
23:18:13 step 41400/77500 loss 2.475 ema 2.782 lr 1.00e-05 | 0.21 s/step | ETA 129 min | mem 23.6 GB
23:18:22 step 41450/77500 loss 1.809 ema 2.543 lr 1.00e-05 | 0.21 s/step | ETA 128 min | mem 23.6 GB
23:18:31 step 41500/77500 loss 2.694 ema 2.507 lr 1.00e-05 | 0.21 s/step | ETA 128 min | mem 23.6 GB
23:18:51 saved ckpt 81 tensors
23:19:00 step 41550/77500 loss 3.624 ema 2.415 lr 9.98e-06 | 0.21 s/step | ETA 128 min | mem 23.6 GB
23:19:08 step 41600/77500 loss 2.628 ema 2.500 lr 9.96e-06 | 0.21 s/step | ETA 128 min | mem 23.6 GB
23:19:16 step 41650/77500 loss 0.867 ema 2.572 lr 9.94e-06 | 0.21 s/step | ETA 128 min | mem 23.6 GB
23:19:24 step 41700/77500 loss 2.262 ema 2.412 lr 9.93e-06 | 0.21 s/step | ETA 128 min | mem 23.6 GB
23:19:32 step 41750/77500 loss 3.012 ema 2.701 lr 9.91e-06 | 0.21 s/step | ETA 127 min | mem 23.6 GB
23:19:40 step 41800/77500 loss 4.569 ema 2.929 lr 9.89e-06 | 0.21 s/step | ETA 127 min | mem 23.6 GB
23:19:48 step 41850/77500 loss 1.863 ema 2.382 lr 9.87e-06 | 0.21 s/step | ETA 127 min | mem 23.6 GB
23:19:56 step 41900/77500 loss 0.945 ema 2.302 lr 9.85e-06 | 0.21 s/step | ETA 127 min | mem 23.6 GB
23:20:05 step 41950/77500 loss 2.433 ema 2.346 lr 9.84e-06 | 0.21 s/step | ETA 127 min | mem 23.6 GB
23:20:13 step 42000/77500 loss 2.015 ema 2.597 lr 9.82e-06 | 0.21 s/step | ETA 126 min | mem 23.6 GB
23:20:33 saved ckpt 81 tensors
23:20:43 step 42050/77500 loss 2.349 ema 2.675 lr 9.80e-06 | 0.21 s/step | ETA 126 min | mem 23.6 GB
23:20:51 step 42100/77500 loss 3.062 ema 2.256 lr 9.78e-06 | 0.21 s/step | ETA 126 min | mem 23.6 GB
23:20:59 step 42150/77500 loss 4.048 ema 2.208 lr 9.76e-06 | 0.21 s/step | ETA 126 min | mem 23.6 GB
23:21:09 step 42200/77500 loss 3.949 ema 2.663 lr 9.75e-06 | 0.21 s/step | ETA 126 min | mem 23.6 GB
23:21:17 step 42250/77500 loss 0.178 ema 2.687 lr 9.73e-06 | 0.21 s/step | ETA 126 min | mem 23.6 GB
23:21:25 step 42300/77500 loss 3.643 ema 2.801 lr 9.71e-06 | 0.21 s/step | ETA 125 min | mem 23.6 GB
23:21:35 step 42350/77500 loss 2.239 ema 2.412 lr 9.69e-06 | 0.21 s/step | ETA 125 min | mem 23.6 GB
23:21:43 step 42400/77500 loss 0.995 ema 1.964 lr 9.67e-06 | 0.21 s/step | ETA 125 min | mem 23.6 GB
23:21:51 step 42450/77500 loss 4.113 ema 2.444 lr 9.66e-06 | 0.21 s/step | ETA 125 min | mem 23.6 GB
23:22:01 step 42500/77500 loss 1.874 ema 2.408 lr 9.64e-06 | 0.21 s/step | ETA 125 min | mem 23.6 GB
23:22:22 saved ckpt 81 tensors
23:22:31 step 42550/77500 loss 2.881 ema 2.667 lr 9.62e-06 | 0.21 s/step | ETA 125 min | mem 23.6 GB
23:22:39 step 42600/77500 loss 3.045 ema 2.426 lr 9.60e-06 | 0.21 s/step | ETA 124 min | mem 23.6 GB
23:22:49 step 42650/77500 loss 4.216 ema 2.322 lr 9.58e-06 | 0.21 s/step | ETA 124 min | mem 23.6 GB
23:22:57 step 42700/77500 loss 2.000 ema 2.479 lr 9.57e-06 | 0.21 s/step | ETA 124 min | mem 23.6 GB
23:23:05 step 42750/77500 loss 2.110 ema 2.708 lr 9.55e-06 | 0.21 s/step | ETA 124 min | mem 23.6 GB
23:23:15 step 42800/77500 loss 2.909 ema 2.576 lr 9.53e-06 | 0.21 s/step | ETA 124 min | mem 23.6 GB
23:23:23 step 42850/77500 loss 1.009 ema 2.302 lr 9.51e-06 | 0.21 s/step | ETA 123 min | mem 23.6 GB
23:23:31 step 42900/77500 loss 0.737 ema 2.205 lr 9.49e-06 | 0.21 s/step | ETA 123 min | mem 23.6 GB
23:23:41 step 42950/77500 loss 3.592 ema 2.118 lr 9.48e-06 | 0.21 s/step | ETA 123 min | mem 23.6 GB
23:23:49 step 43000/77500 loss 3.665 ema 2.526 lr 9.46e-06 | 0.21 s/step | ETA 123 min | mem 23.6 GB
23:24:10 saved ckpt 81 tensors
23:24:18 step 43050/77500 loss 2.242 ema 2.352 lr 9.44e-06 | 0.21 s/step | ETA 123 min | mem 23.6 GB
23:24:28 step 43100/77500 loss 1.898 ema 2.606 lr 9.42e-06 | 0.21 s/step | ETA 123 min | mem 23.6 GB
23:24:36 step 43150/77500 loss 2.664 ema 2.335 lr 9.40e-06 | 0.21 s/step | ETA 122 min | mem 23.6 GB
23:24:44 step 43200/77500 loss 1.151 ema 2.418 lr 9.39e-06 | 0.21 s/step | ETA 122 min | mem 23.6 GB
23:24:54 step 43250/77500 loss 3.081 ema 2.655 lr 9.37e-06 | 0.21 s/step | ETA 122 min | mem 23.6 GB
23:25:02 step 43300/77500 loss 1.055 ema 2.592 lr 9.35e-06 | 0.21 s/step | ETA 122 min | mem 23.6 GB
23:25:10 step 43350/77500 loss 4.448 ema 2.860 lr 9.33e-06 | 0.21 s/step | ETA 122 min | mem 23.6 GB
23:25:18 step 43400/77500 loss 2.687 ema 2.890 lr 9.31e-06 | 0.21 s/step | ETA 121 min | mem 23.6 GB
23:25:26 step 43450/77500 loss 3.090 ema 2.771 lr 9.30e-06 | 0.21 s/step | ETA 121 min | mem 23.6 GB
23:25:34 step 43500/77500 loss 4.305 ema 2.891 lr 9.28e-06 | 0.21 s/step | ETA 121 min | mem 23.6 GB
23:25:55 saved ckpt 81 tensors
23:26:04 step 43550/77500 loss 2.959 ema 2.796 lr 9.26e-06 | 0.21 s/step | ETA 121 min | mem 23.6 GB
23:26:12 step 43600/77500 loss 2.764 ema 2.853 lr 9.24e-06 | 0.21 s/step | ETA 121 min | mem 23.6 GB
23:26:20 step 43650/77500 loss 3.523 ema 2.308 lr 9.22e-06 | 0.21 s/step | ETA 121 min | mem 23.6 GB
23:26:28 step 43700/77500 loss 2.310 ema 2.372 lr 9.21e-06 | 0.21 s/step | ETA 120 min | mem 23.6 GB
23:26:36 step 43750/77500 loss 2.979 ema 2.443 lr 9.19e-06 | 0.21 s/step | ETA 120 min | mem 23.6 GB
23:26:44 step 43800/77500 loss 3.174 ema 2.412 lr 9.17e-06 | 0.21 s/step | ETA 120 min | mem 23.6 GB
23:26:54 step 43850/77500 loss 0.675 ema 2.652 lr 9.15e-06 | 0.21 s/step | ETA 120 min | mem 23.6 GB
23:27:02 step 43900/77500 loss 3.555 ema 2.701 lr 9.14e-06 | 0.21 s/step | ETA 120 min | mem 23.6 GB
23:27:10 step 43950/77500 loss 3.333 ema 2.962 lr 9.12e-06 | 0.21 s/step | ETA 119 min | mem 23.6 GB
23:27:20 step 44000/77500 loss 1.640 ema 3.081 lr 9.10e-06 | 0.21 s/step | ETA 119 min | mem 23.6 GB
23:27:41 saved ckpt 81 tensors
23:27:49 step 44050/77500 loss 3.974 ema 3.023 lr 9.08e-06 | 0.21 s/step | ETA 119 min | mem 23.6 GB
23:27:57 step 44100/77500 loss 2.451 ema 2.562 lr 9.06e-06 | 0.21 s/step | ETA 119 min | mem 23.6 GB
23:28:07 step 44150/77500 loss 2.373 ema 2.697 lr 9.05e-06 | 0.21 s/step | ETA 119 min | mem 23.6 GB
23:28:15 step 44200/77500 loss 1.941 ema 2.348 lr 9.03e-06 | 0.21 s/step | ETA 119 min | mem 23.6 GB
23:28:23 step 44250/77500 loss 3.115 ema 2.153 lr 9.01e-06 | 0.21 s/step | ETA 118 min | mem 23.6 GB
23:28:33 step 44300/77500 loss 2.503 ema 2.142 lr 8.99e-06 | 0.21 s/step | ETA 118 min | mem 23.6 GB
23:28:41 step 44350/77500 loss 0.504 ema 2.384 lr 8.97e-06 | 0.21 s/step | ETA 118 min | mem 23.6 GB
23:28:49 step 44400/77500 loss 2.549 ema 2.144 lr 8.96e-06 | 0.21 s/step | ETA 118 min | mem 23.6 GB
23:28:57 step 44450/77500 loss 2.463 ema 2.170 lr 8.94e-06 | 0.21 s/step | ETA 118 min | mem 23.6 GB
23:29:07 step 44500/77500 loss 3.130 ema 2.741 lr 8.92e-06 | 0.21 s/step | ETA 117 min | mem 23.6 GB
23:29:28 saved ckpt 81 tensors
23:29:36 step 44550/77500 loss 3.035 ema 2.741 lr 8.90e-06 | 0.21 s/step | ETA 117 min | mem 23.6 GB
23:29:44 step 44600/77500 loss 4.542 ema 2.519 lr 8.89e-06 | 0.21 s/step | ETA 117 min | mem 23.6 GB
23:29:52 step 44650/77500 loss 3.370 ema 2.535 lr 8.87e-06 | 0.21 s/step | ETA 117 min | mem 23.6 GB
23:30:00 step 44700/77500 loss 4.473 ema 2.869 lr 8.85e-06 | 0.21 s/step | ETA 117 min | mem 23.6 GB
23:30:08 step 44750/77500 loss 4.682 ema 2.728 lr 8.83e-06 | 0.21 s/step | ETA 117 min | mem 23.6 GB
23:30:18 step 44800/77500 loss 2.496 ema 2.637 lr 8.82e-06 | 0.21 s/step | ETA 116 min | mem 23.6 GB
23:30:26 step 44850/77500 loss 2.689 ema 2.840 lr 8.80e-06 | 0.21 s/step | ETA 116 min | mem 23.6 GB
23:30:36 step 44900/77500 loss 3.736 ema 2.732 lr 8.78e-06 | 0.21 s/step | ETA 116 min | mem 23.6 GB
23:30:44 step 44950/77500 loss 1.437 ema 2.775 lr 8.76e-06 | 0.21 s/step | ETA 116 min | mem 23.6 GB
23:30:52 step 45000/77500 loss 3.869 ema 2.795 lr 8.74e-06 | 0.21 s/step | ETA 116 min | mem 23.6 GB
23:31:13 saved ckpt 81 tensors
23:31:23 step 45050/77500 loss 2.831 ema 2.501 lr 8.73e-06 | 0.21 s/step | ETA 116 min | mem 23.6 GB
23:31:31 step 45100/77500 loss 2.655 ema 2.849 lr 8.71e-06 | 0.21 s/step | ETA 115 min | mem 23.6 GB
23:31:39 step 45150/77500 loss 2.815 ema 2.498 lr 8.69e-06 | 0.21 s/step | ETA 115 min | mem 23.6 GB
23:31:49 step 45200/77500 loss 3.354 ema 2.821 lr 8.67e-06 | 0.21 s/step | ETA 115 min | mem 23.6 GB
23:31:57 step 45250/77500 loss 4.522 ema 2.683 lr 8.66e-06 | 0.21 s/step | ETA 115 min | mem 23.6 GB
23:32:05 step 45300/77500 loss 0.529 ema 2.443 lr 8.64e-06 | 0.21 s/step | ETA 115 min | mem 23.6 GB
23:32:15 step 45350/77500 loss 2.540 ema 2.698 lr 8.62e-06 | 0.21 s/step | ETA 114 min | mem 23.6 GB
23:32:23 step 45400/77500 loss 2.646 ema 2.803 lr 8.60e-06 | 0.21 s/step | ETA 114 min | mem 23.6 GB
23:32:31 step 45450/77500 loss 3.936 ema 2.655 lr 8.59e-06 | 0.21 s/step | ETA 114 min | mem 23.6 GB
23:32:40 step 45500/77500 loss 1.953 ema 2.205 lr 8.57e-06 | 0.21 s/step | ETA 114 min | mem 23.6 GB
23:33:01 saved ckpt 81 tensors
23:33:09 step 45550/77500 loss 3.138 ema 2.301 lr 8.55e-06 | 0.21 s/step | ETA 114 min | mem 23.6 GB
23:33:17 step 45600/77500 loss 2.352 ema 2.201 lr 8.53e-06 | 0.21 s/step | ETA 114 min | mem 23.6 GB
23:33:27 step 45650/77500 loss 1.692 ema 2.254 lr 8.52e-06 | 0.21 s/step | ETA 114 min | mem 23.6 GB
23:33:35 step 45700/77500 loss 2.094 ema 2.503 lr 8.50e-06 | 0.21 s/step | ETA 113 min | mem 23.6 GB
23:33:43 step 45750/77500 loss 1.121 ema 2.291 lr 8.48e-06 | 0.21 s/step | ETA 113 min | mem 23.6 GB
23:33:52 step 45800/77500 loss 1.731 ema 2.305 lr 8.46e-06 | 0.21 s/step | ETA 113 min | mem 23.6 GB
23:34:01 step 45850/77500 loss 3.082 ema 2.397 lr 8.45e-06 | 0.21 s/step | ETA 113 min | mem 23.6 GB
23:34:09 step 45900/77500 loss 2.453 ema 2.551 lr 8.43e-06 | 0.21 s/step | ETA 112 min | mem 23.6 GB
23:34:18 step 45950/77500 loss 3.318 ema 2.463 lr 8.41e-06 | 0.21 s/step | ETA 112 min | mem 23.6 GB
23:34:26 step 46000/77500 loss 0.954 ema 2.241 lr 8.39e-06 | 0.21 s/step | ETA 112 min | mem 23.6 GB
23:34:47 saved ckpt 81 tensors
23:34:55 step 46050/77500 loss 3.026 ema 2.465 lr 8.38e-06 | 0.21 s/step | ETA 112 min | mem 23.6 GB
23:35:05 step 46100/77500 loss 3.689 ema 2.522 lr 8.36e-06 | 0.21 s/step | ETA 112 min | mem 23.6 GB
23:35:13 step 46150/77500 loss 0.750 ema 2.659 lr 8.34e-06 | 0.21 s/step | ETA 112 min | mem 23.6 GB
23:35:21 step 46200/77500 loss 2.149 ema 2.478 lr 8.32e-06 | 0.21 s/step | ETA 112 min | mem 23.6 GB
23:35:31 step 46250/77500 loss 2.787 ema 2.214 lr 8.31e-06 | 0.21 s/step | ETA 111 min | mem 23.6 GB
23:35:39 step 46300/77500 loss 3.325 ema 2.271 lr 8.29e-06 | 0.21 s/step | ETA 111 min | mem 23.6 GB
23:35:47 step 46350/77500 loss 2.270 ema 2.229 lr 8.27e-06 | 0.21 s/step | ETA 111 min | mem 23.6 GB
23:35:57 step 46400/77500 loss 3.128 ema 2.555 lr 8.25e-06 | 0.21 s/step | ETA 111 min | mem 23.6 GB
23:36:05 step 46450/77500 loss 2.134 ema 2.684 lr 8.24e-06 | 0.21 s/step | ETA 111 min | mem 23.6 GB
23:36:13 step 46500/77500 loss 3.032 ema 2.502 lr 8.22e-06 | 0.21 s/step | ETA 110 min | mem 23.6 GB
23:36:34 saved ckpt 81 tensors
23:36:44 step 46550/77500 loss 2.643 ema 2.462 lr 8.20e-06 | 0.21 s/step | ETA 110 min | mem 23.6 GB
23:36:52 step 46600/77500 loss 2.557 ema 2.250 lr 8.18e-06 | 0.21 s/step | ETA 110 min | mem 23.6 GB
23:37:00 step 46650/77500 loss 3.826 ema 2.440 lr 8.17e-06 | 0.21 s/step | ETA 110 min | mem 23.6 GB
23:37:08 step 46700/77500 loss 2.590 ema 2.581 lr 8.15e-06 | 0.21 s/step | ETA 110 min | mem 23.6 GB
23:37:18 step 46750/77500 loss 3.929 ema 2.690 lr 8.13e-06 | 0.21 s/step | ETA 110 min | mem 23.6 GB
23:37:26 step 46800/77500 loss 2.968 ema 2.975 lr 8.12e-06 | 0.21 s/step | ETA 109 min | mem 23.6 GB
23:37:35 step 46850/77500 loss 3.231 ema 3.098 lr 8.10e-06 | 0.21 s/step | ETA 109 min | mem 23.6 GB
23:37:44 step 46900/77500 loss 3.156 ema 2.722 lr 8.08e-06 | 0.21 s/step | ETA 109 min | mem 23.6 GB
23:37:52 step 46950/77500 loss 1.366 ema 2.342 lr 8.06e-06 | 0.21 s/step | ETA 109 min | mem 23.6 GB
23:38:01 step 47000/77500 loss 2.652 ema 2.319 lr 8.05e-06 | 0.21 s/step | ETA 109 min | mem 23.6 GB
23:38:21 saved ckpt 81 tensors
23:38:31 step 47050/77500 loss 3.063 ema 2.778 lr 8.03e-06 | 0.21 s/step | ETA 109 min | mem 23.6 GB
23:38:39 step 47100/77500 loss 2.755 ema 2.582 lr 8.01e-06 | 0.21 s/step | ETA 108 min | mem 23.6 GB
23:38:48 step 47150/77500 loss 3.703 ema 2.803 lr 7.99e-06 | 0.21 s/step | ETA 108 min | mem 23.6 GB
23:38:57 step 47200/77500 loss 2.141 ema 2.601 lr 7.98e-06 | 0.21 s/step | ETA 108 min | mem 23.6 GB
23:39:06 step 47250/77500 loss 3.284 ema 2.495 lr 7.96e-06 | 0.21 s/step | ETA 108 min | mem 23.6 GB
23:39:14 step 47300/77500 loss 2.977 ema 2.474 lr 7.94e-06 | 0.21 s/step | ETA 108 min | mem 23.6 GB
23:39:24 step 47350/77500 loss 2.045 ema 2.301 lr 7.93e-06 | 0.21 s/step | ETA 107 min | mem 23.6 GB
23:39:32 step 47400/77500 loss 4.091 ema 2.601 lr 7.91e-06 | 0.21 s/step | ETA 107 min | mem 23.6 GB
23:39:40 step 47450/77500 loss 2.882 ema 2.935 lr 7.89e-06 | 0.21 s/step | ETA 107 min | mem 23.6 GB
23:39:48 step 47500/77500 loss 3.115 ema 2.801 lr 7.87e-06 | 0.21 s/step | ETA 107 min | mem 23.6 GB
23:40:09 saved ckpt 81 tensors
23:40:17 step 47550/77500 loss 0.002 ema 2.500 lr 7.86e-06 | 0.21 s/step | ETA 107 min | mem 23.6 GB
23:40:25 step 47600/77500 loss 3.405 ema 2.241 lr 7.84e-06 | 0.21 s/step | ETA 107 min | mem 23.6 GB
23:40:35 step 47650/77500 loss 1.117 ema 2.248 lr 7.82e-06 | 0.21 s/step | ETA 106 min | mem 23.6 GB
23:40:43 step 47700/77500 loss 1.220 ema 2.275 lr 7.81e-06 | 0.21 s/step | ETA 106 min | mem 23.6 GB
23:40:53 step 47750/77500 loss 2.779 ema 2.524 lr 7.79e-06 | 0.21 s/step | ETA 106 min | mem 23.6 GB
23:41:01 step 47800/77500 loss 3.331 ema 2.605 lr 7.77e-06 | 0.21 s/step | ETA 106 min | mem 23.6 GB
23:41:09 step 47850/77500 loss 3.333 ema 2.471 lr 7.76e-06 | 0.21 s/step | ETA 106 min | mem 23.6 GB
23:41:19 step 47900/77500 loss 3.824 ema 2.918 lr 7.74e-06 | 0.21 s/step | ETA 105 min | mem 23.6 GB
23:41:27 step 47950/77500 loss 0.372 ema 2.490 lr 7.72e-06 | 0.21 s/step | ETA 105 min | mem 23.6 GB
23:41:35 step 48000/77500 loss 1.485 ema 2.328 lr 7.70e-06 | 0.21 s/step | ETA 105 min | mem 23.6 GB
23:41:56 saved ckpt 81 tensors
23:42:06 step 48050/77500 loss 3.860 ema 2.516 lr 7.69e-06 | 0.21 s/step | ETA 105 min | mem 23.6 GB
23:42:14 step 48100/77500 loss 3.636 ema 2.405 lr 7.67e-06 | 0.21 s/step | ETA 105 min | mem 23.6 GB
23:42:22 step 48150/77500 loss 2.535 ema 2.461 lr 7.65e-06 | 0.21 s/step | ETA 105 min | mem 23.6 GB
23:42:32 step 48200/77500 loss 0.107 ema 2.304 lr 7.64e-06 | 0.21 s/step | ETA 104 min | mem 23.6 GB
23:42:40 step 48250/77500 loss 2.420 ema 2.453 lr 7.62e-06 | 0.21 s/step | ETA 104 min | mem 23.6 GB
23:42:49 step 48300/77500 loss 3.232 ema 2.735 lr 7.60e-06 | 0.21 s/step | ETA 104 min | mem 23.6 GB
23:42:59 step 48350/77500 loss 0.044 ema 2.375 lr 7.59e-06 | 0.21 s/step | ETA 104 min | mem 23.6 GB
23:43:07 step 48400/77500 loss 3.816 ema 2.326 lr 7.57e-06 | 0.21 s/step | ETA 104 min | mem 23.6 GB
23:43:15 step 48450/77500 loss 0.025 ema 2.455 lr 7.55e-06 | 0.21 s/step | ETA 103 min | mem 23.6 GB
23:43:25 step 48500/77500 loss 3.468 ema 2.141 lr 7.54e-06 | 0.21 s/step | ETA 103 min | mem 23.6 GB
23:43:46 saved ckpt 81 tensors
23:43:54 step 48550/77500 loss 2.810 ema 2.630 lr 7.52e-06 | 0.21 s/step | ETA 103 min | mem 23.6 GB
23:44:02 step 48600/77500 loss 1.754 ema 2.086 lr 7.50e-06 | 0.21 s/step | ETA 103 min | mem 23.6 GB
23:44:10 step 48650/77500 loss 3.589 ema 2.031 lr 7.48e-06 | 0.21 s/step | ETA 103 min | mem 23.6 GB
23:44:20 step 48700/77500 loss 1.922 ema 2.302 lr 7.47e-06 | 0.21 s/step | ETA 103 min | mem 23.6 GB
23:44:28 step 48750/77500 loss 4.646 ema 2.524 lr 7.45e-06 | 0.21 s/step | ETA 102 min | mem 23.6 GB
23:44:38 step 48800/77500 loss 1.769 ema 2.416 lr 7.43e-06 | 0.21 s/step | ETA 102 min | mem 23.6 GB
23:44:46 step 48850/77500 loss 3.242 ema 2.523 lr 7.42e-06 | 0.21 s/step | ETA 102 min | mem 23.6 GB
23:44:54 step 48900/77500 loss 3.836 ema 2.611 lr 7.40e-06 | 0.21 s/step | ETA 102 min | mem 23.6 GB
23:45:02 step 48950/77500 loss 3.522 ema 2.188 lr 7.38e-06 | 0.21 s/step | ETA 102 min | mem 23.6 GB
23:45:10 step 49000/77500 loss 3.085 ema 2.297 lr 7.37e-06 | 0.21 s/step | ETA 101 min | mem 23.6 GB
23:45:31 saved ckpt 81 tensors
23:45:39 step 49050/77500 loss 1.703 ema 2.503 lr 7.35e-06 | 0.21 s/step | ETA 101 min | mem 23.6 GB
23:45:49 step 49100/77500 loss 2.994 ema 2.507 lr 7.33e-06 | 0.21 s/step | ETA 101 min | mem 23.6 GB
23:45:57 step 49150/77500 loss 3.006 ema 2.750 lr 7.32e-06 | 0.21 s/step | ETA 101 min | mem 23.6 GB
23:46:05 step 49200/77500 loss 0.332 ema 2.659 lr 7.30e-06 | 0.21 s/step | ETA 101 min | mem 23.6 GB
23:46:15 step 49250/77500 loss 3.490 ema 2.642 lr 7.28e-06 | 0.21 s/step | ETA 101 min | mem 23.6 GB
23:46:23 step 49300/77500 loss 2.943 ema 2.530 lr 7.27e-06 | 0.21 s/step | ETA 100 min | mem 23.6 GB
23:46:31 step 49350/77500 loss 3.288 ema 2.778 lr 7.25e-06 | 0.21 s/step | ETA 100 min | mem 23.6 GB
23:46:41 step 49400/77500 loss 1.940 ema 2.004 lr 7.23e-06 | 0.21 s/step | ETA 100 min | mem 23.6 GB
23:46:49 step 49450/77500 loss 3.700 ema 2.363 lr 7.22e-06 | 0.21 s/step | ETA 100 min | mem 23.6 GB
23:46:57 step 49500/77500 loss 2.790 ema 2.619 lr 7.20e-06 | 0.21 s/step | ETA 100 min | mem 23.6 GB
23:47:18 saved ckpt 81 tensors
23:47:26 step 49550/77500 loss 3.453 ema 2.561 lr 7.18e-06 | 0.21 s/step | ETA 100 min | mem 23.6 GB
23:47:36 step 49600/77500 loss 2.814 ema 2.519 lr 7.17e-06 | 0.21 s/step | ETA 99 min | mem 23.6 GB
23:47:44 step 49650/77500 loss 2.737 ema 2.653 lr 7.15e-06 | 0.21 s/step | ETA 99 min | mem 23.6 GB
23:47:52 step 49700/77500 loss 3.186 ema 2.550 lr 7.14e-06 | 0.21 s/step | ETA 99 min | mem 23.6 GB
23:48:02 step 49750/77500 loss 3.103 ema 2.373 lr 7.12e-06 | 0.21 s/step | ETA 99 min | mem 23.6 GB
23:48:10 step 49800/77500 loss 1.940 ema 2.571 lr 7.10e-06 | 0.21 s/step | ETA 99 min | mem 23.6 GB
23:48:18 step 49850/77500 loss 2.137 ema 2.294 lr 7.09e-06 | 0.21 s/step | ETA 98 min | mem 23.6 GB
23:48:28 step 49900/77500 loss 1.978 ema 2.539 lr 7.07e-06 | 0.21 s/step | ETA 98 min | mem 23.6 GB
23:48:36 step 49950/77500 loss 3.317 ema 2.737 lr 7.05e-06 | 0.21 s/step | ETA 98 min | mem 23.6 GB
23:48:44 step 50000/77500 loss 2.123 ema 2.458 lr 7.04e-06 | 0.21 s/step | ETA 98 min | mem 23.6 GB
23:49:05 saved ckpt 81 tensors
23:49:15 step 50050/77500 loss 0.128 ema 2.498 lr 7.02e-06 | 0.21 s/step | ETA 98 min | mem 23.6 GB
23:49:23 step 50100/77500 loss 3.288 ema 2.981 lr 7.00e-06 | 0.21 s/step | ETA 98 min | mem 23.6 GB
23:49:31 step 50150/77500 loss 4.112 ema 2.538 lr 6.99e-06 | 0.21 s/step | ETA 97 min | mem 23.6 GB
23:49:41 step 50200/77500 loss 0.911 ema 2.696 lr 6.97e-06 | 0.21 s/step | ETA 97 min | mem 23.6 GB
23:49:49 step 50250/77500 loss 2.385 ema 2.454 lr 6.96e-06 | 0.21 s/step | ETA 97 min | mem 23.6 GB
23:49:57 step 50300/77500 loss 0.018 ema 2.460 lr 6.94e-06 | 0.21 s/step | ETA 97 min | mem 23.6 GB
23:50:07 step 50350/77500 loss 3.646 ema 2.663 lr 6.92e-06 | 0.21 s/step | ETA 97 min | mem 23.6 GB
23:50:15 step 50400/77500 loss 2.685 ema 2.454 lr 6.91e-06 | 0.21 s/step | ETA 97 min | mem 23.6 GB
23:50:23 step 50450/77500 loss 3.015 ema 2.295 lr 6.89e-06 | 0.21 s/step | ETA 96 min | mem 23.6 GB
23:50:33 step 50500/77500 loss 3.488 ema 2.733 lr 6.87e-06 | 0.21 s/step | ETA 96 min | mem 23.6 GB
23:50:54 saved ckpt 81 tensors
23:51:02 step 50550/77500 loss 2.474 ema 2.687 lr 6.86e-06 | 0.21 s/step | ETA 96 min | mem 23.6 GB
23:51:10 step 50600/77500 loss 2.630 ema 2.480 lr 6.84e-06 | 0.21 s/step | ETA 96 min | mem 23.6 GB
23:51:20 step 50650/77500 loss 3.270 ema 2.687 lr 6.83e-06 | 0.21 s/step | ETA 96 min | mem 23.6 GB
23:51:28 step 50700/77500 loss 2.652 ema 2.782 lr 6.81e-06 | 0.21 s/step | ETA 96 min | mem 23.6 GB
23:51:36 step 50750/77500 loss 2.969 ema 2.522 lr 6.79e-06 | 0.21 s/step | ETA 95 min | mem 23.6 GB
23:51:46 step 50800/77500 loss 4.905 ema 2.909 lr 6.78e-06 | 0.21 s/step | ETA 95 min | mem 23.6 GB
23:51:54 step 50850/77500 loss 3.441 ema 2.441 lr 6.76e-06 | 0.21 s/step | ETA 95 min | mem 23.6 GB
23:52:02 step 50900/77500 loss 2.534 ema 2.592 lr 6.74e-06 | 0.21 s/step | ETA 95 min | mem 23.6 GB
23:52:12 step 50950/77500 loss 1.348 ema 2.552 lr 6.73e-06 | 0.21 s/step | ETA 95 min | mem 23.6 GB
23:52:20 step 51000/77500 loss 3.887 ema 2.646 lr 6.71e-06 | 0.21 s/step | ETA 94 min | mem 23.6 GB
23:52:41 saved ckpt 81 tensors
23:52:50 step 51050/77500 loss 3.112 ema 2.841 lr 6.70e-06 | 0.21 s/step | ETA 94 min | mem 23.6 GB
23:53:00 step 51100/77500 loss 3.072 ema 2.388 lr 6.68e-06 | 0.21 s/step | ETA 94 min | mem 23.6 GB
23:53:08 step 51150/77500 loss 0.515 ema 2.540 lr 6.66e-06 | 0.21 s/step | ETA 94 min | mem 23.6 GB
23:53:16 step 51200/77500 loss 2.566 ema 2.346 lr 6.65e-06 | 0.21 s/step | ETA 94 min | mem 23.6 GB
23:53:26 step 51250/77500 loss 3.191 ema 2.812 lr 6.63e-06 | 0.21 s/step | ETA 94 min | mem 23.6 GB
23:53:34 step 51300/77500 loss 3.088 ema 2.853 lr 6.62e-06 | 0.21 s/step | ETA 93 min | mem 23.6 GB
23:53:42 step 51350/77500 loss 2.814 ema 2.615 lr 6.60e-06 | 0.21 s/step | ETA 93 min | mem 23.6 GB
23:53:52 step 51400/77500 loss 2.121 ema 2.314 lr 6.58e-06 | 0.21 s/step | ETA 93 min | mem 23.6 GB
23:54:00 step 51450/77500 loss 2.270 ema 2.372 lr 6.57e-06 | 0.21 s/step | ETA 93 min | mem 23.6 GB
23:54:08 step 51500/77500 loss 2.580 ema 2.400 lr 6.55e-06 | 0.21 s/step | ETA 93 min | mem 23.6 GB
23:54:28 saved ckpt 81 tensors
23:54:38 step 51550/77500 loss 3.756 ema 2.253 lr 6.54e-06 | 0.21 s/step | ETA 93 min | mem 23.6 GB
23:54:47 step 51600/77500 loss 1.312 ema 2.170 lr 6.52e-06 | 0.21 s/step | ETA 92 min | mem 23.6 GB
23:54:56 step 51650/77500 loss 5.045 ema 2.579 lr 6.51e-06 | 0.21 s/step | ETA 92 min | mem 23.6 GB
23:55:05 step 51700/77500 loss 3.061 ema 2.338 lr 6.49e-06 | 0.21 s/step | ETA 92 min | mem 23.6 GB
23:55:13 step 51750/77500 loss 1.998 ema 2.498 lr 6.47e-06 | 0.21 s/step | ETA 92 min | mem 23.6 GB
23:55:22 step 51800/77500 loss 2.464 ema 2.270 lr 6.46e-06 | 0.21 s/step | ETA 92 min | mem 23.6 GB
23:55:31 step 51850/77500 loss 1.773 ema 2.142 lr 6.44e-06 | 0.21 s/step | ETA 91 min | mem 23.6 GB
23:55:39 step 51900/77500 loss 2.290 ema 2.499 lr 6.43e-06 | 0.21 s/step | ETA 91 min | mem 23.6 GB
23:55:48 step 51950/77500 loss 1.983 ema 2.617 lr 6.41e-06 | 0.21 s/step | ETA 91 min | mem 23.6 GB
23:55:57 step 52000/77500 loss 4.726 ema 2.548 lr 6.40e-06 | 0.21 s/step | ETA 91 min | mem 23.6 GB
23:56:17 saved ckpt 81 tensors
23:56:26 step 52050/77500 loss 2.670 ema 2.763 lr 6.38e-06 | 0.21 s/step | ETA 91 min | mem 23.6 GB
23:56:34 step 52100/77500 loss 3.415 ema 2.771 lr 6.36e-06 | 0.21 s/step | ETA 91 min | mem 23.6 GB
23:56:44 step 52150/77500 loss 2.305 ema 2.608 lr 6.35e-06 | 0.21 s/step | ETA 90 min | mem 23.6 GB
23:56:52 step 52200/77500 loss 2.536 ema 2.697 lr 6.33e-06 | 0.21 s/step | ETA 90 min | mem 23.6 GB
23:57:00 step 52250/77500 loss 2.547 ema 2.734 lr 6.32e-06 | 0.21 s/step | ETA 90 min | mem 23.6 GB
23:57:10 step 52300/77500 loss 3.128 ema 2.468 lr 6.30e-06 | 0.21 s/step | ETA 90 min | mem 23.6 GB
23:57:18 step 52350/77500 loss 2.837 ema 2.480 lr 6.29e-06 | 0.21 s/step | ETA 90 min | mem 23.6 GB
23:57:27 step 52400/77500 loss 1.703 ema 2.655 lr 6.27e-06 | 0.21 s/step | ETA 89 min | mem 23.6 GB
23:57:35 step 52450/77500 loss 3.197 ema 2.401 lr 6.26e-06 | 0.21 s/step | ETA 89 min | mem 23.6 GB
23:57:44 step 52500/77500 loss 3.857 ema 2.294 lr 6.24e-06 | 0.21 s/step | ETA 89 min | mem 23.6 GB
23:58:04 saved ckpt 81 tensors
23:58:14 step 52550/77500 loss 2.448 ema 2.428 lr 6.22e-06 | 0.21 s/step | ETA 89 min | mem 23.6 GB
23:58:22 step 52600/77500 loss 2.934 ema 2.531 lr 6.21e-06 | 0.21 s/step | ETA 89 min | mem 23.6 GB
23:58:30 step 52650/77500 loss 3.873 ema 2.305 lr 6.19e-06 | 0.21 s/step | ETA 89 min | mem 23.6 GB
23:58:40 step 52700/77500 loss 1.464 ema 2.655 lr 6.18e-06 | 0.21 s/step | ETA 88 min | mem 23.6 GB
23:58:48 step 52750/77500 loss 3.385 ema 2.468 lr 6.16e-06 | 0.21 s/step | ETA 88 min | mem 23.6 GB
23:58:56 step 52800/77500 loss 4.849 ema 2.551 lr 6.15e-06 | 0.21 s/step | ETA 88 min | mem 23.6 GB
23:59:06 step 52850/77500 loss 1.341 ema 2.500 lr 6.13e-06 | 0.21 s/step | ETA 88 min | mem 23.6 GB
23:59:14 step 52900/77500 loss 2.847 ema 2.882 lr 6.12e-06 | 0.21 s/step | ETA 88 min | mem 23.6 GB
23:59:22 step 52950/77500 loss 3.427 ema 2.672 lr 6.10e-06 | 0.21 s/step | ETA 87 min | mem 23.6 GB
23:59:32 step 53000/77500 loss 3.773 ema 2.623 lr 6.09e-06 | 0.21 s/step | ETA 87 min | mem 23.6 GB
23:59:53 saved ckpt 81 tensors
00:00:01 step 53050/77500 loss 2.008 ema 2.688 lr 6.07e-06 | 0.21 s/step | ETA 87 min | mem 23.6 GB
00:00:09 step 53100/77500 loss 2.612 ema 2.642 lr 6.06e-06 | 0.21 s/step | ETA 87 min | mem 23.6 GB
00:00:19 step 53150/77500 loss 3.264 ema 2.450 lr 6.04e-06 | 0.21 s/step | ETA 87 min | mem 23.6 GB
00:00:27 step 53200/77500 loss 0.281 ema 2.281 lr 6.02e-06 | 0.21 s/step | ETA 87 min | mem 23.6 GB
00:00:35 step 53250/77500 loss 2.689 ema 2.417 lr 6.01e-06 | 0.21 s/step | ETA 86 min | mem 23.6 GB
00:00:45 step 53300/77500 loss 0.894 ema 1.953 lr 5.99e-06 | 0.21 s/step | ETA 86 min | mem 23.6 GB
00:00:53 step 53350/77500 loss 3.685 ema 2.472 lr 5.98e-06 | 0.21 s/step | ETA 86 min | mem 23.6 GB
00:01:01 step 53400/77500 loss 0.764 ema 2.469 lr 5.96e-06 | 0.21 s/step | ETA 86 min | mem 23.6 GB
00:01:11 step 53450/77500 loss 3.436 ema 2.383 lr 5.95e-06 | 0.21 s/step | ETA 86 min | mem 23.6 GB
00:01:19 step 53500/77500 loss 4.602 ema 2.422 lr 5.93e-06 | 0.21 s/step | ETA 85 min | mem 23.6 GB
00:01:40 saved ckpt 81 tensors
00:01:48 step 53550/77500 loss 2.970 ema 2.703 lr 5.92e-06 | 0.21 s/step | ETA 85 min | mem 23.6 GB
00:01:56 step 53600/77500 loss 2.216 ema 1.957 lr 5.90e-06 | 0.21 s/step | ETA 85 min | mem 23.6 GB
00:02:06 step 53650/77500 loss 3.328 ema 2.580 lr 5.89e-06 | 0.21 s/step | ETA 85 min | mem 23.6 GB
00:02:14 step 53700/77500 loss 3.951 ema 2.975 lr 5.87e-06 | 0.21 s/step | ETA 85 min | mem 23.6 GB
00:02:22 step 53750/77500 loss 3.033 ema 2.750 lr 5.86e-06 | 0.21 s/step | ETA 85 min | mem 23.6 GB
00:02:30 step 53800/77500 loss 1.130 ema 2.819 lr 5.84e-06 | 0.21 s/step | ETA 84 min | mem 23.6 GB
00:02:40 step 53850/77500 loss 2.279 ema 2.684 lr 5.83e-06 | 0.21 s/step | ETA 84 min | mem 23.6 GB
00:02:48 step 53900/77500 loss 2.880 ema 2.915 lr 5.81e-06 | 0.21 s/step | ETA 84 min | mem 23.6 GB
00:02:58 step 53950/77500 loss 2.872 ema 2.972 lr 5.80e-06 | 0.21 s/step | ETA 84 min | mem 23.6 GB
00:03:07 step 54000/77500 loss 2.034 ema 2.901 lr 5.78e-06 | 0.21 s/step | ETA 84 min | mem 23.6 GB
00:03:27 saved ckpt 81 tensors
00:03:36 step 54050/77500 loss 1.227 ema 2.693 lr 5.77e-06 | 0.21 s/step | ETA 84 min | mem 23.6 GB
00:03:46 step 54100/77500 loss 3.475 ema 2.685 lr 5.75e-06 | 0.21 s/step | ETA 83 min | mem 23.6 GB
00:03:54 step 54150/77500 loss 2.894 ema 2.559 lr 5.74e-06 | 0.21 s/step | ETA 83 min | mem 23.6 GB
00:04:02 step 54200/77500 loss 3.613 ema 2.735 lr 5.72e-06 | 0.21 s/step | ETA 83 min | mem 23.6 GB
00:04:10 step 54250/77500 loss 0.089 ema 2.144 lr 5.71e-06 | 0.21 s/step | ETA 83 min | mem 23.6 GB
00:04:20 step 54300/77500 loss 3.389 ema 2.430 lr 5.70e-06 | 0.21 s/step | ETA 83 min | mem 23.6 GB
00:04:28 step 54350/77500 loss 2.397 ema 2.654 lr 5.68e-06 | 0.21 s/step | ETA 83 min | mem 23.6 GB
00:04:36 step 54400/77500 loss 3.785 ema 2.425 lr 5.67e-06 | 0.21 s/step | ETA 82 min | mem 23.6 GB
00:04:46 step 54450/77500 loss 0.168 ema 2.518 lr 5.65e-06 | 0.21 s/step | ETA 82 min | mem 23.6 GB
00:04:54 step 54500/77500 loss 1.863 ema 2.478 lr 5.64e-06 | 0.21 s/step | ETA 82 min | mem 23.6 GB
00:05:14 saved ckpt 81 tensors
00:05:23 step 54550/77500 loss 2.963 ema 2.476 lr 5.62e-06 | 0.21 s/step | ETA 82 min | mem 23.6 GB
00:05:33 step 54600/77500 loss 1.934 ema 2.461 lr 5.61e-06 | 0.21 s/step | ETA 82 min | mem 23.6 GB
00:05:41 step 54650/77500 loss 3.385 ema 2.234 lr 5.59e-06 | 0.21 s/step | ETA 82 min | mem 23.6 GB
00:05:49 step 54700/77500 loss 5.915 ema 2.789 lr 5.58e-06 | 0.21 s/step | ETA 81 min | mem 23.6 GB
00:05:59 step 54750/77500 loss 2.037 ema 2.589 lr 5.56e-06 | 0.21 s/step | ETA 81 min | mem 23.6 GB
00:06:07 step 54800/77500 loss 1.663 ema 2.791 lr 5.55e-06 | 0.21 s/step | ETA 81 min | mem 23.6 GB
00:06:15 step 54850/77500 loss 4.086 ema 2.895 lr 5.53e-06 | 0.21 s/step | ETA 81 min | mem 23.6 GB
00:06:25 step 54900/77500 loss 3.119 ema 2.647 lr 5.52e-06 | 0.21 s/step | ETA 81 min | mem 23.6 GB
00:06:33 step 54950/77500 loss 2.630 ema 2.708 lr 5.51e-06 | 0.21 s/step | ETA 80 min | mem 23.6 GB
00:06:41 step 55000/77500 loss 4.097 ema 2.367 lr 5.49e-06 | 0.21 s/step | ETA 80 min | mem 23.6 GB
00:07:01 saved ckpt 81 tensors
00:07:11 step 55050/77500 loss 0.043 ema 2.149 lr 5.48e-06 | 0.21 s/step | ETA 80 min | mem 23.6 GB
00:07:19 step 55100/77500 loss 3.625 ema 1.990 lr 5.46e-06 | 0.21 s/step | ETA 80 min | mem 23.6 GB
00:07:28 step 55150/77500 loss 4.083 ema 2.381 lr 5.45e-06 | 0.21 s/step | ETA 80 min | mem 23.6 GB
00:07:37 step 55200/77500 loss 0.269 ema 1.811 lr 5.43e-06 | 0.21 s/step | ETA 80 min | mem 23.6 GB
00:07:46 step 55250/77500 loss 3.181 ema 1.848 lr 5.42e-06 | 0.21 s/step | ETA 79 min | mem 23.6 GB
00:07:54 step 55300/77500 loss 2.634 ema 2.109 lr 5.41e-06 | 0.21 s/step | ETA 79 min | mem 23.6 GB
00:08:02 step 55350/77500 loss 3.228 ema 2.412 lr 5.39e-06 | 0.21 s/step | ETA 79 min | mem 23.6 GB
00:08:12 step 55400/77500 loss 1.948 ema 2.090 lr 5.38e-06 | 0.21 s/step | ETA 79 min | mem 23.6 GB
00:08:20 step 55450/77500 loss 2.724 ema 2.358 lr 5.36e-06 | 0.21 s/step | ETA 79 min | mem 23.6 GB
00:08:28 step 55500/77500 loss 1.156 ema 2.650 lr 5.35e-06 | 0.21 s/step | ETA 78 min | mem 23.6 GB
00:08:48 saved ckpt 81 tensors
00:08:59 step 55550/77500 loss 1.636 ema 2.766 lr 5.33e-06 | 0.21 s/step | ETA 78 min | mem 23.6 GB
00:09:07 step 55600/77500 loss 3.281 ema 2.551 lr 5.32e-06 | 0.21 s/step | ETA 78 min | mem 23.6 GB
00:09:15 step 55650/77500 loss 3.575 ema 2.554 lr 5.31e-06 | 0.21 s/step | ETA 78 min | mem 23.6 GB
00:09:24 step 55700/77500 loss 2.905 ema 2.770 lr 5.29e-06 | 0.21 s/step | ETA 78 min | mem 23.6 GB
00:09:32 step 55750/77500 loss 2.507 ema 2.590 lr 5.28e-06 | 0.21 s/step | ETA 78 min | mem 23.6 GB
00:09:41 step 55800/77500 loss 2.090 ema 2.595 lr 5.26e-06 | 0.21 s/step | ETA 77 min | mem 23.6 GB
00:09:50 step 55850/77500 loss 4.050 ema 2.238 lr 5.25e-06 | 0.21 s/step | ETA 77 min | mem 23.6 GB
00:09:59 step 55900/77500 loss 2.624 ema 2.546 lr 5.24e-06 | 0.21 s/step | ETA 77 min | mem 23.6 GB
00:10:07 step 55950/77500 loss 1.656 ema 2.618 lr 5.22e-06 | 0.21 s/step | ETA 77 min | mem 23.6 GB
00:10:15 step 56000/77500 loss 3.313 ema 2.329 lr 5.21e-06 | 0.21 s/step | ETA 77 min | mem 23.6 GB
00:10:35 saved ckpt 81 tensors
00:10:45 step 56050/77500 loss 1.889 ema 1.933 lr 5.19e-06 | 0.21 s/step | ETA 77 min | mem 23.6 GB
00:10:54 step 56100/77500 loss 1.752 ema 2.267 lr 5.18e-06 | 0.21 s/step | ETA 76 min | mem 23.6 GB
00:11:02 step 56150/77500 loss 4.007 ema 2.500 lr 5.17e-06 | 0.21 s/step | ETA 76 min | mem 23.6 GB
00:11:11 step 56200/77500 loss 2.973 ema 2.546 lr 5.15e-06 | 0.21 s/step | ETA 76 min | mem 23.6 GB
00:11:20 step 56250/77500 loss 1.586 ema 2.366 lr 5.14e-06 | 0.21 s/step | ETA 76 min | mem 23.6 GB
00:11:28 step 56300/77500 loss 3.652 ema 2.761 lr 5.12e-06 | 0.21 s/step | ETA 76 min | mem 23.6 GB
00:11:37 step 56350/77500 loss 1.981 ema 2.740 lr 5.11e-06 | 0.21 s/step | ETA 75 min | mem 23.6 GB
00:11:46 step 56400/77500 loss 1.433 ema 2.779 lr 5.10e-06 | 0.21 s/step | ETA 75 min | mem 23.6 GB
00:11:54 step 56450/77500 loss 3.238 ema 2.791 lr 5.08e-06 | 0.21 s/step | ETA 75 min | mem 23.6 GB
00:12:03 step 56500/77500 loss 2.505 ema 2.868 lr 5.07e-06 | 0.21 s/step | ETA 75 min | mem 23.6 GB
00:12:24 saved ckpt 81 tensors
00:12:32 step 56550/77500 loss 1.260 ema 2.615 lr 5.06e-06 | 0.21 s/step | ETA 75 min | mem 23.6 GB
00:12:42 step 56600/77500 loss 3.057 ema 2.722 lr 5.04e-06 | 0.21 s/step | ETA 75 min | mem 23.6 GB
00:12:50 step 56650/77500 loss 2.234 ema 2.440 lr 5.03e-06 | 0.21 s/step | ETA 74 min | mem 23.6 GB
00:12:58 step 56700/77500 loss 2.700 ema 2.259 lr 5.01e-06 | 0.21 s/step | ETA 74 min | mem 23.6 GB
00:13:07 step 56750/77500 loss 3.528 ema 2.551 lr 5.00e-06 | 0.21 s/step | ETA 74 min | mem 23.6 GB
00:13:17 step 56800/77500 loss 2.250 ema 2.559 lr 4.99e-06 | 0.21 s/step | ETA 74 min | mem 23.6 GB
00:13:25 step 56850/77500 loss 1.921 ema 2.430 lr 4.97e-06 | 0.21 s/step | ETA 74 min | mem 23.6 GB
00:13:33 step 56900/77500 loss 1.743 ema 2.696 lr 4.96e-06 | 0.21 s/step | ETA 73 min | mem 23.6 GB
00:13:42 step 56950/77500 loss 3.276 ema 2.805 lr 4.95e-06 | 0.21 s/step | ETA 73 min | mem 23.6 GB
00:13:50 step 57000/77500 loss 1.593 ema 2.836 lr 4.93e-06 | 0.21 s/step | ETA 73 min | mem 23.6 GB
00:14:10 saved ckpt 81 tensors
00:14:19 step 57050/77500 loss 0.629 ema 2.451 lr 4.92e-06 | 0.21 s/step | ETA 73 min | mem 23.6 GB
00:14:27 step 57100/77500 loss 3.426 ema 2.451 lr 4.91e-06 | 0.21 s/step | ETA 73 min | mem 23.6 GB
00:14:35 step 57150/77500 loss 3.150 ema 2.480 lr 4.89e-06 | 0.21 s/step | ETA 73 min | mem 23.6 GB
00:14:43 step 57200/77500 loss 2.589 ema 2.528 lr 4.88e-06 | 0.21 s/step | ETA 72 min | mem 23.6 GB
00:14:53 step 57250/77500 loss 3.817 ema 2.420 lr 4.87e-06 | 0.21 s/step | ETA 72 min | mem 23.6 GB
00:15:01 step 57300/77500 loss 4.094 ema 2.707 lr 4.85e-06 | 0.21 s/step | ETA 72 min | mem 23.6 GB
00:15:09 step 57350/77500 loss 2.668 ema 3.107 lr 4.84e-06 | 0.21 s/step | ETA 72 min | mem 23.6 GB
00:15:17 step 57400/77500 loss 2.674 ema 2.659 lr 4.83e-06 | 0.21 s/step | ETA 72 min | mem 23.6 GB
00:15:25 step 57450/77500 loss 3.111 ema 2.630 lr 4.81e-06 | 0.21 s/step | ETA 71 min | mem 23.6 GB
00:15:33 step 57500/77500 loss 1.755 ema 2.745 lr 4.80e-06 | 0.21 s/step | ETA 71 min | mem 23.6 GB
00:15:54 saved ckpt 81 tensors
00:16:03 step 57550/77500 loss 2.875 ema 2.754 lr 4.79e-06 | 0.21 s/step | ETA 71 min | mem 23.6 GB
00:16:11 step 57600/77500 loss 3.123 ema 2.897 lr 4.77e-06 | 0.21 s/step | ETA 71 min | mem 23.6 GB
00:16:19 step 57650/77500 loss 2.781 ema 2.206 lr 4.76e-06 | 0.21 s/step | ETA 71 min | mem 23.6 GB
00:16:27 step 57700/77500 loss 3.904 ema 2.681 lr 4.75e-06 | 0.21 s/step | ETA 71 min | mem 23.6 GB
00:16:37 step 57750/77500 loss 3.513 ema 2.728 lr 4.73e-06 | 0.21 s/step | ETA 70 min | mem 23.6 GB
00:16:45 step 57800/77500 loss 0.002 ema 2.728 lr 4.72e-06 | 0.21 s/step | ETA 70 min | mem 23.6 GB
00:16:53 step 57850/77500 loss 2.861 ema 2.382 lr 4.71e-06 | 0.21 s/step | ETA 70 min | mem 23.6 GB
00:17:03 step 57900/77500 loss 3.499 ema 2.867 lr 4.69e-06 | 0.21 s/step | ETA 70 min | mem 23.6 GB
00:17:11 step 57950/77500 loss 3.873 ema 2.850 lr 4.68e-06 | 0.21 s/step | ETA 70 min | mem 23.6 GB
00:17:19 step 58000/77500 loss 1.787 ema 2.542 lr 4.67e-06 | 0.21 s/step | ETA 69 min | mem 23.6 GB
00:17:40 saved ckpt 81 tensors
00:17:48 step 58050/77500 loss 3.264 ema 2.790 lr 4.66e-06 | 0.21 s/step | ETA 69 min | mem 23.6 GB
00:17:56 step 58100/77500 loss 3.193 ema 2.856 lr 4.64e-06 | 0.21 s/step | ETA 69 min | mem 23.6 GB
00:18:04 step 58150/77500 loss 2.289 ema 2.986 lr 4.63e-06 | 0.21 s/step | ETA 69 min | mem 23.6 GB
00:18:13 step 58200/77500 loss 3.704 ema 2.808 lr 4.62e-06 | 0.21 s/step | ETA 69 min | mem 23.6 GB
00:18:21 step 58250/77500 loss 3.445 ema 2.599 lr 4.60e-06 | 0.21 s/step | ETA 69 min | mem 23.6 GB
00:18:29 step 58300/77500 loss 1.195 ema 2.436 lr 4.59e-06 | 0.21 s/step | ETA 68 min | mem 23.6 GB
00:18:39 step 58350/77500 loss 4.206 ema 2.382 lr 4.58e-06 | 0.21 s/step | ETA 68 min | mem 23.6 GB
00:18:47 step 58400/77500 loss 2.885 ema 2.694 lr 4.57e-06 | 0.21 s/step | ETA 68 min | mem 23.6 GB
00:18:55 step 58450/77500 loss 3.800 ema 2.678 lr 4.55e-06 | 0.21 s/step | ETA 68 min | mem 23.6 GB
00:19:03 step 58500/77500 loss 2.194 ema 2.711 lr 4.54e-06 | 0.21 s/step | ETA 68 min | mem 23.6 GB
00:19:24 saved ckpt 81 tensors
00:19:32 step 58550/77500 loss 3.666 ema 2.676 lr 4.53e-06 | 0.21 s/step | ETA 68 min | mem 23.6 GB
00:19:40 step 58600/77500 loss 3.919 ema 1.960 lr 4.51e-06 | 0.21 s/step | ETA 67 min | mem 23.6 GB
00:19:48 step 58650/77500 loss 2.290 ema 2.306 lr 4.50e-06 | 0.21 s/step | ETA 67 min | mem 23.6 GB
00:19:56 step 58700/77500 loss 0.649 ema 1.910 lr 4.49e-06 | 0.21 s/step | ETA 67 min | mem 23.6 GB
00:20:04 step 58750/77500 loss 1.196 ema 1.975 lr 4.48e-06 | 0.21 s/step | ETA 67 min | mem 23.6 GB
00:20:12 step 58800/77500 loss 3.277 ema 1.995 lr 4.46e-06 | 0.21 s/step | ETA 67 min | mem 23.6 GB
00:20:22 step 58850/77500 loss 3.012 ema 2.432 lr 4.45e-06 | 0.21 s/step | ETA 66 min | mem 23.6 GB
00:20:30 step 58900/77500 loss 2.228 ema 2.484 lr 4.44e-06 | 0.21 s/step | ETA 66 min | mem 23.6 GB
00:20:38 step 58950/77500 loss 2.926 ema 2.627 lr 4.43e-06 | 0.21 s/step | ETA 66 min | mem 23.6 GB
00:20:48 step 59000/77500 loss 2.588 ema 2.797 lr 4.41e-06 | 0.21 s/step | ETA 66 min | mem 23.6 GB
00:21:09 saved ckpt 81 tensors
00:21:17 step 59050/77500 loss 1.556 ema 2.788 lr 4.40e-06 | 0.21 s/step | ETA 66 min | mem 23.6 GB
00:21:25 step 59100/77500 loss 0.279 ema 2.495 lr 4.39e-06 | 0.21 s/step | ETA 66 min | mem 23.6 GB
00:21:34 step 59150/77500 loss 0.433 ema 2.341 lr 4.38e-06 | 0.21 s/step | ETA 65 min | mem 23.6 GB
00:21:42 step 59200/77500 loss 2.629 ema 2.496 lr 4.37e-06 | 0.21 s/step | ETA 65 min | mem 23.6 GB
00:21:50 step 59250/77500 loss 4.582 ema 2.505 lr 4.35e-06 | 0.21 s/step | ETA 65 min | mem 23.6 GB
00:22:00 step 59300/77500 loss 2.659 ema 2.409 lr 4.34e-06 | 0.21 s/step | ETA 65 min | mem 23.6 GB
00:22:08 step 59350/77500 loss 0.639 ema 2.041 lr 4.33e-06 | 0.21 s/step | ETA 65 min | mem 23.6 GB
00:22:16 step 59400/77500 loss 3.344 ema 2.627 lr 4.32e-06 | 0.21 s/step | ETA 64 min | mem 23.6 GB
00:22:25 step 59450/77500 loss 2.289 ema 2.670 lr 4.30e-06 | 0.21 s/step | ETA 64 min | mem 23.6 GB
00:22:34 step 59500/77500 loss 3.206 ema 2.434 lr 4.29e-06 | 0.21 s/step | ETA 64 min | mem 23.6 GB
00:22:54 saved ckpt 81 tensors
00:23:03 step 59550/77500 loss 1.114 ema 2.359 lr 4.28e-06 | 0.21 s/step | ETA 64 min | mem 23.6 GB
00:23:13 step 59600/77500 loss 4.015 ema 2.676 lr 4.27e-06 | 0.21 s/step | ETA 64 min | mem 23.6 GB
00:23:21 step 59650/77500 loss 0.276 ema 2.722 lr 4.26e-06 | 0.21 s/step | ETA 64 min | mem 23.6 GB
00:23:30 step 59700/77500 loss 1.445 ema 1.755 lr 4.24e-06 | 0.21 s/step | ETA 63 min | mem 23.6 GB
00:23:38 step 59750/77500 loss 3.247 ema 1.963 lr 4.23e-06 | 0.21 s/step | ETA 63 min | mem 23.6 GB
00:23:46 step 59800/77500 loss 4.601 ema 2.314 lr 4.22e-06 | 0.21 s/step | ETA 63 min | mem 23.6 GB
00:23:54 step 59850/77500 loss 2.899 ema 2.337 lr 4.21e-06 | 0.21 s/step | ETA 63 min | mem 23.6 GB
00:24:02 step 59900/77500 loss 3.525 ema 2.557 lr 4.20e-06 | 0.21 s/step | ETA 63 min | mem 23.6 GB
00:24:12 step 59950/77500 loss 2.479 ema 2.915 lr 4.18e-06 | 0.21 s/step | ETA 62 min | mem 23.6 GB
00:24:20 step 60000/77500 loss 0.012 ema 2.640 lr 4.17e-06 | 0.21 s/step | ETA 62 min | mem 23.6 GB
00:24:41 saved ckpt 81 tensors
00:24:51 step 60050/77500 loss 3.105 ema 2.587 lr 4.16e-06 | 0.21 s/step | ETA 62 min | mem 23.6 GB
00:24:59 step 60100/77500 loss 3.121 ema 2.661 lr 4.15e-06 | 0.21 s/step | ETA 62 min | mem 23.6 GB
00:25:07 step 60150/77500 loss 3.051 ema 2.782 lr 4.14e-06 | 0.21 s/step | ETA 62 min | mem 23.6 GB
00:25:17 step 60200/77500 loss 2.731 ema 2.779 lr 4.12e-06 | 0.21 s/step | ETA 62 min | mem 23.6 GB
00:25:25 step 60250/77500 loss 0.028 ema 2.415 lr 4.11e-06 | 0.21 s/step | ETA 61 min | mem 23.6 GB
00:25:33 step 60300/77500 loss 3.070 ema 2.790 lr 4.10e-06 | 0.21 s/step | ETA 61 min | mem 23.6 GB
00:25:43 step 60350/77500 loss 3.618 ema 2.661 lr 4.09e-06 | 0.21 s/step | ETA 61 min | mem 23.6 GB
00:25:51 step 60400/77500 loss 2.452 ema 2.274 lr 4.08e-06 | 0.21 s/step | ETA 61 min | mem 23.6 GB
00:25:59 step 60450/77500 loss 3.232 ema 2.481 lr 4.07e-06 | 0.21 s/step | ETA 61 min | mem 23.6 GB
00:26:09 step 60500/77500 loss 2.974 ema 2.385 lr 4.05e-06 | 0.21 s/step | ETA 61 min | mem 23.6 GB
00:26:29 saved ckpt 81 tensors
00:26:38 step 60550/77500 loss 3.218 ema 2.288 lr 4.04e-06 | 0.21 s/step | ETA 60 min | mem 23.6 GB
00:26:46 step 60600/77500 loss 0.089 ema 1.941 lr 4.03e-06 | 0.21 s/step | ETA 60 min | mem 23.6 GB
00:26:56 step 60650/77500 loss 3.934 ema 2.309 lr 4.02e-06 | 0.21 s/step | ETA 60 min | mem 23.6 GB
00:27:04 step 60700/77500 loss 3.278 ema 2.797 lr 4.01e-06 | 0.21 s/step | ETA 60 min | mem 23.6 GB
00:27:12 step 60750/77500 loss 3.036 ema 2.451 lr 4.00e-06 | 0.21 s/step | ETA 60 min | mem 23.6 GB
00:27:22 step 60800/77500 loss 1.925 ema 2.370 lr 3.98e-06 | 0.21 s/step | ETA 59 min | mem 23.6 GB
00:27:30 step 60850/77500 loss 3.279 ema 2.521 lr 3.97e-06 | 0.21 s/step | ETA 59 min | mem 23.6 GB
00:27:38 step 60900/77500 loss 2.292 ema 2.917 lr 3.96e-06 | 0.21 s/step | ETA 59 min | mem 23.6 GB
00:27:48 step 60950/77500 loss 2.790 ema 2.741 lr 3.95e-06 | 0.21 s/step | ETA 59 min | mem 23.6 GB
00:27:56 step 61000/77500 loss 3.307 ema 2.312 lr 3.94e-06 | 0.21 s/step | ETA 59 min | mem 23.6 GB
00:28:16 saved ckpt 81 tensors
00:28:25 step 61050/77500 loss 3.828 ema 2.322 lr 3.93e-06 | 0.21 s/step | ETA 59 min | mem 23.6 GB
00:28:33 step 61100/77500 loss 1.370 ema 2.310 lr 3.92e-06 | 0.21 s/step | ETA 58 min | mem 23.6 GB
00:28:43 step 61150/77500 loss 3.013 ema 2.309 lr 3.91e-06 | 0.21 s/step | ETA 58 min | mem 23.6 GB
00:28:51 step 61200/77500 loss 3.196 ema 2.364 lr 3.89e-06 | 0.21 s/step | ETA 58 min | mem 23.6 GB
00:29:01 step 61250/77500 loss 0.949 ema 2.299 lr 3.88e-06 | 0.21 s/step | ETA 58 min | mem 23.6 GB
00:29:09 step 61300/77500 loss 4.184 ema 2.546 lr 3.87e-06 | 0.21 s/step | ETA 58 min | mem 23.6 GB
00:29:17 step 61350/77500 loss 3.458 ema 2.506 lr 3.86e-06 | 0.21 s/step | ETA 58 min | mem 23.6 GB
00:29:25 step 61400/77500 loss 1.207 ema 2.312 lr 3.85e-06 | 0.21 s/step | ETA 57 min | mem 23.6 GB
00:29:33 step 61450/77500 loss 0.795 ema 2.362 lr 3.84e-06 | 0.21 s/step | ETA 57 min | mem 23.6 GB
00:29:41 step 61500/77500 loss 3.278 ema 2.687 lr 3.83e-06 | 0.21 s/step | ETA 57 min | mem 23.6 GB
00:30:02 saved ckpt 81 tensors
00:30:10 step 61550/77500 loss 3.048 ema 2.665 lr 3.82e-06 | 0.21 s/step | ETA 57 min | mem 23.6 GB
00:30:18 step 61600/77500 loss 3.862 ema 2.640 lr 3.81e-06 | 0.21 s/step | ETA 57 min | mem 23.6 GB
00:30:27 step 61650/77500 loss 1.944 ema 2.881 lr 3.79e-06 | 0.21 s/step | ETA 56 min | mem 23.6 GB
00:30:36 step 61700/77500 loss 1.564 ema 2.543 lr 3.78e-06 | 0.21 s/step | ETA 56 min | mem 23.6 GB
00:30:44 step 61750/77500 loss 0.022 ema 2.399 lr 3.77e-06 | 0.21 s/step | ETA 56 min | mem 23.6 GB
00:30:52 step 61800/77500 loss 2.818 ema 2.603 lr 3.76e-06 | 0.21 s/step | ETA 56 min | mem 23.6 GB
00:31:01 step 61850/77500 loss 3.312 ema 2.500 lr 3.75e-06 | 0.21 s/step | ETA 56 min | mem 23.6 GB
00:31:09 step 61900/77500 loss 2.535 ema 2.324 lr 3.74e-06 | 0.21 s/step | ETA 56 min | mem 23.6 GB
00:31:17 step 61950/77500 loss 3.031 ema 2.410 lr 3.73e-06 | 0.21 s/step | ETA 55 min | mem 23.6 GB
00:31:27 step 62000/77500 loss 1.668 ema 2.611 lr 3.72e-06 | 0.21 s/step | ETA 55 min | mem 23.6 GB
00:31:47 saved ckpt 81 tensors
00:31:56 step 62050/77500 loss 3.480 ema 2.547 lr 3.71e-06 | 0.21 s/step | ETA 55 min | mem 23.6 GB
00:32:04 step 62100/77500 loss 2.725 ema 2.367 lr 3.70e-06 | 0.21 s/step | ETA 55 min | mem 23.6 GB
00:32:14 step 62150/77500 loss 2.917 ema 2.502 lr 3.69e-06 | 0.21 s/step | ETA 55 min | mem 23.6 GB
00:32:22 step 62200/77500 loss 1.947 ema 2.260 lr 3.68e-06 | 0.21 s/step | ETA 55 min | mem 23.6 GB
00:32:30 step 62250/77500 loss 3.408 ema 2.500 lr 3.67e-06 | 0.21 s/step | ETA 54 min | mem 23.6 GB
00:32:40 step 62300/77500 loss 3.309 ema 2.701 lr 3.66e-06 | 0.21 s/step | ETA 54 min | mem 23.6 GB
00:32:48 step 62350/77500 loss 2.535 ema 2.619 lr 3.64e-06 | 0.21 s/step | ETA 54 min | mem 23.6 GB
00:32:56 step 62400/77500 loss 1.735 ema 2.676 lr 3.63e-06 | 0.21 s/step | ETA 54 min | mem 23.6 GB
00:33:06 step 62450/77500 loss 3.630 ema 2.651 lr 3.62e-06 | 0.21 s/step | ETA 54 min | mem 23.6 GB
00:33:14 step 62500/77500 loss 1.491 ema 2.649 lr 3.61e-06 | 0.21 s/step | ETA 53 min | mem 23.6 GB
00:33:34 saved ckpt 81 tensors
00:33:44 step 62550/77500 loss 2.145 ema 2.849 lr 3.60e-06 | 0.21 s/step | ETA 53 min | mem 23.6 GB
00:33:53 step 62600/77500 loss 2.402 ema 2.857 lr 3.59e-06 | 0.21 s/step | ETA 53 min | mem 23.6 GB
00:34:01 step 62650/77500 loss 3.239 ema 2.280 lr 3.58e-06 | 0.21 s/step | ETA 53 min | mem 23.6 GB
00:34:09 step 62700/77500 loss 4.225 ema 2.482 lr 3.57e-06 | 0.21 s/step | ETA 53 min | mem 23.6 GB
00:34:18 step 62750/77500 loss 2.466 ema 2.499 lr 3.56e-06 | 0.21 s/step | ETA 53 min | mem 23.6 GB
00:34:26 step 62800/77500 loss 2.681 ema 2.525 lr 3.55e-06 | 0.21 s/step | ETA 52 min | mem 23.6 GB
00:34:34 step 62850/77500 loss 3.320 ema 2.601 lr 3.54e-06 | 0.21 s/step | ETA 52 min | mem 23.6 GB
00:34:42 step 62900/77500 loss 3.036 ema 2.177 lr 3.53e-06 | 0.21 s/step | ETA 52 min | mem 23.6 GB
00:34:52 step 62950/77500 loss 4.278 ema 2.130 lr 3.52e-06 | 0.21 s/step | ETA 52 min | mem 23.6 GB
00:35:00 step 63000/77500 loss 2.308 ema 2.059 lr 3.51e-06 | 0.21 s/step | ETA 52 min | mem 23.6 GB
00:35:21 saved ckpt 81 tensors
00:35:29 step 63050/77500 loss 3.865 ema 2.121 lr 3.50e-06 | 0.21 s/step | ETA 52 min | mem 23.6 GB
00:35:39 step 63100/77500 loss 3.703 ema 2.511 lr 3.49e-06 | 0.21 s/step | ETA 51 min | mem 23.6 GB
00:35:47 step 63150/77500 loss 3.240 ema 2.480 lr 3.48e-06 | 0.21 s/step | ETA 51 min | mem 23.6 GB
00:35:55 step 63200/77500 loss 4.481 ema 2.844 lr 3.47e-06 | 0.21 s/step | ETA 51 min | mem 23.6 GB
00:36:03 step 63250/77500 loss 3.401 ema 2.405 lr 3.46e-06 | 0.21 s/step | ETA 51 min | mem 23.6 GB
00:36:13 step 63300/77500 loss 2.892 ema 2.519 lr 3.45e-06 | 0.21 s/step | ETA 51 min | mem 23.6 GB
00:36:21 step 63350/77500 loss 3.457 ema 2.050 lr 3.44e-06 | 0.21 s/step | ETA 50 min | mem 23.6 GB
00:36:29 step 63400/77500 loss 2.135 ema 2.737 lr 3.43e-06 | 0.21 s/step | ETA 50 min | mem 23.6 GB
00:36:39 step 63450/77500 loss 3.508 ema 2.401 lr 3.42e-06 | 0.21 s/step | ETA 50 min | mem 23.6 GB
00:36:47 step 63500/77500 loss 0.153 ema 2.299 lr 3.41e-06 | 0.21 s/step | ETA 50 min | mem 23.6 GB
00:37:08 saved ckpt 81 tensors
00:37:16 step 63550/77500 loss 4.469 ema 2.659 lr 3.40e-06 | 0.21 s/step | ETA 50 min | mem 23.6 GB
00:37:24 step 63600/77500 loss 3.248 ema 2.612 lr 3.39e-06 | 0.21 s/step | ETA 50 min | mem 23.6 GB
00:37:32 step 63650/77500 loss 4.170 ema 2.926 lr 3.38e-06 | 0.21 s/step | ETA 49 min | mem 23.6 GB
00:37:40 step 63700/77500 loss 2.366 ema 2.442 lr 3.37e-06 | 0.21 s/step | ETA 49 min | mem 23.6 GB
00:37:50 step 63750/77500 loss 2.908 ema 2.399 lr 3.36e-06 | 0.21 s/step | ETA 49 min | mem 23.6 GB
00:37:58 step 63800/77500 loss 2.030 ema 2.158 lr 3.35e-06 | 0.21 s/step | ETA 49 min | mem 23.6 GB
00:38:07 step 63850/77500 loss 4.065 ema 2.328 lr 3.34e-06 | 0.21 s/step | ETA 49 min | mem 23.6 GB
00:38:16 step 63900/77500 loss 2.226 ema 2.215 lr 3.33e-06 | 0.21 s/step | ETA 48 min | mem 23.6 GB
00:38:24 step 63950/77500 loss 3.315 ema 2.596 lr 3.32e-06 | 0.21 s/step | ETA 48 min | mem 23.6 GB
00:38:33 step 64000/77500 loss 1.898 ema 2.477 lr 3.31e-06 | 0.21 s/step | ETA 48 min | mem 23.6 GB
00:38:53 saved ckpt 81 tensors
00:39:03 step 64050/77500 loss 1.254 ema 2.472 lr 3.31e-06 | 0.21 s/step | ETA 48 min | mem 23.6 GB
00:39:11 step 64100/77500 loss 0.379 ema 2.433 lr 3.30e-06 | 0.21 s/step | ETA 48 min | mem 23.6 GB
00:39:19 step 64150/77500 loss 3.801 ema 2.858 lr 3.29e-06 | 0.21 s/step | ETA 48 min | mem 23.6 GB
00:39:29 step 64200/77500 loss 1.222 ema 2.217 lr 3.28e-06 | 0.21 s/step | ETA 47 min | mem 23.6 GB
00:39:37 step 64250/77500 loss 2.690 ema 2.410 lr 3.27e-06 | 0.21 s/step | ETA 47 min | mem 23.6 GB
00:39:45 step 64300/77500 loss 3.451 ema 2.329 lr 3.26e-06 | 0.21 s/step | ETA 47 min | mem 23.6 GB
00:39:53 step 64350/77500 loss 3.577 ema 2.384 lr 3.25e-06 | 0.21 s/step | ETA 47 min | mem 23.6 GB
00:40:03 step 64400/77500 loss 3.055 ema 2.420 lr 3.24e-06 | 0.21 s/step | ETA 47 min | mem 23.6 GB
00:40:11 step 64450/77500 loss 3.511 ema 2.830 lr 3.23e-06 | 0.21 s/step | ETA 46 min | mem 23.6 GB
00:40:20 step 64500/77500 loss 4.025 ema 2.703 lr 3.22e-06 | 0.21 s/step | ETA 46 min | mem 23.6 GB
00:40:40 saved ckpt 81 tensors
00:40:49 step 64550/77500 loss 2.239 ema 2.435 lr 3.21e-06 | 0.21 s/step | ETA 46 min | mem 23.6 GB
00:40:57 step 64600/77500 loss 3.021 ema 2.660 lr 3.20e-06 | 0.21 s/step | ETA 46 min | mem 23.6 GB
00:41:06 step 64650/77500 loss 3.139 ema 2.872 lr 3.19e-06 | 0.21 s/step | ETA 46 min | mem 23.6 GB
00:41:15 step 64700/77500 loss 1.957 ema 2.647 lr 3.18e-06 | 0.21 s/step | ETA 46 min | mem 23.6 GB
00:41:23 step 64750/77500 loss 2.686 ema 2.820 lr 3.18e-06 | 0.21 s/step | ETA 45 min | mem 23.6 GB
00:41:33 step 64800/77500 loss 1.704 ema 2.487 lr 3.17e-06 | 0.21 s/step | ETA 45 min | mem 23.6 GB
00:41:41 step 64850/77500 loss 0.983 ema 2.306 lr 3.16e-06 | 0.21 s/step | ETA 45 min | mem 23.6 GB
00:41:49 step 64900/77500 loss 3.432 ema 2.307 lr 3.15e-06 | 0.21 s/step | ETA 45 min | mem 23.6 GB
00:41:58 step 64950/77500 loss 2.965 ema 2.474 lr 3.14e-06 | 0.21 s/step | ETA 45 min | mem 23.6 GB
00:42:07 step 65000/77500 loss 1.356 ema 2.525 lr 3.13e-06 | 0.21 s/step | ETA 44 min | mem 23.6 GB
00:42:28 saved ckpt 81 tensors
00:42:36 step 65050/77500 loss 3.013 ema 2.125 lr 3.12e-06 | 0.21 s/step | ETA 44 min | mem 23.6 GB
00:42:46 step 65100/77500 loss 1.947 ema 2.527 lr 3.11e-06 | 0.21 s/step | ETA 44 min | mem 23.6 GB
00:42:54 step 65150/77500 loss 0.772 ema 2.679 lr 3.10e-06 | 0.21 s/step | ETA 44 min | mem 23.6 GB
00:43:03 step 65200/77500 loss 3.261 ema 2.513 lr 3.10e-06 | 0.21 s/step | ETA 44 min | mem 23.6 GB
00:43:12 step 65250/77500 loss 0.385 ema 2.421 lr 3.09e-06 | 0.21 s/step | ETA 44 min | mem 23.6 GB
00:43:20 step 65300/77500 loss 1.326 ema 2.075 lr 3.08e-06 | 0.21 s/step | ETA 43 min | mem 23.6 GB
00:43:29 step 65350/77500 loss 0.725 ema 2.459 lr 3.07e-06 | 0.21 s/step | ETA 43 min | mem 23.6 GB
00:43:38 step 65400/77500 loss 3.961 ema 2.802 lr 3.06e-06 | 0.21 s/step | ETA 43 min | mem 23.6 GB
00:43:47 step 65450/77500 loss 3.762 ema 2.407 lr 3.05e-06 | 0.21 s/step | ETA 43 min | mem 23.6 GB
00:43:55 step 65500/77500 loss 2.817 ema 2.431 lr 3.04e-06 | 0.21 s/step | ETA 43 min | mem 23.6 GB
00:44:16 saved ckpt 81 tensors
00:44:26 step 65550/77500 loss 2.558 ema 2.693 lr 3.04e-06 | 0.21 s/step | ETA 43 min | mem 23.6 GB
00:44:34 step 65600/77500 loss 3.556 ema 2.836 lr 3.03e-06 | 0.21 s/step | ETA 42 min | mem 23.6 GB
00:44:42 step 65650/77500 loss 0.352 ema 2.428 lr 3.02e-06 | 0.21 s/step | ETA 42 min | mem 23.6 GB
00:44:52 step 65700/77500 loss 0.286 ema 2.324 lr 3.01e-06 | 0.21 s/step | ETA 42 min | mem 23.6 GB
00:45:00 step 65750/77500 loss 2.130 ema 2.965 lr 3.00e-06 | 0.21 s/step | ETA 42 min | mem 23.6 GB
00:45:08 step 65800/77500 loss 0.039 ema 2.260 lr 2.99e-06 | 0.21 s/step | ETA 42 min | mem 23.6 GB
00:45:18 step 65850/77500 loss 2.277 ema 2.550 lr 2.99e-06 | 0.21 s/step | ETA 41 min | mem 23.6 GB
00:45:26 step 65900/77500 loss 0.177 ema 2.189 lr 2.98e-06 | 0.21 s/step | ETA 41 min | mem 23.6 GB
00:45:34 step 65950/77500 loss 1.522 ema 2.180 lr 2.97e-06 | 0.21 s/step | ETA 41 min | mem 23.6 GB
00:45:43 step 66000/77500 loss 1.798 ema 2.395 lr 2.96e-06 | 0.21 s/step | ETA 41 min | mem 23.6 GB
00:46:03 saved ckpt 81 tensors
00:46:13 step 66050/77500 loss 2.691 ema 2.397 lr 2.95e-06 | 0.21 s/step | ETA 41 min | mem 23.6 GB
00:46:21 step 66100/77500 loss 2.885 ema 2.460 lr 2.94e-06 | 0.21 s/step | ETA 41 min | mem 23.6 GB
00:46:31 step 66150/77500 loss 3.320 ema 2.535 lr 2.94e-06 | 0.21 s/step | ETA 40 min | mem 23.6 GB
00:46:39 step 66200/77500 loss 1.825 ema 2.585 lr 2.93e-06 | 0.21 s/step | ETA 40 min | mem 23.6 GB
00:46:47 step 66250/77500 loss 3.716 ema 2.832 lr 2.92e-06 | 0.21 s/step | ETA 40 min | mem 23.6 GB
00:46:55 step 66300/77500 loss 2.018 ema 2.924 lr 2.91e-06 | 0.21 s/step | ETA 40 min | mem 23.6 GB
00:47:05 step 66350/77500 loss 2.395 ema 2.501 lr 2.90e-06 | 0.21 s/step | ETA 40 min | mem 23.6 GB
00:47:13 step 66400/77500 loss 2.730 ema 2.770 lr 2.90e-06 | 0.21 s/step | ETA 40 min | mem 23.6 GB
00:47:21 step 66450/77500 loss 1.138 ema 2.689 lr 2.89e-06 | 0.21 s/step | ETA 39 min | mem 23.6 GB
00:47:31 step 66500/77500 loss 3.688 ema 2.514 lr 2.88e-06 | 0.21 s/step | ETA 39 min | mem 23.6 GB
00:47:52 saved ckpt 81 tensors
00:48:00 step 66550/77500 loss 3.549 ema 2.763 lr 2.87e-06 | 0.21 s/step | ETA 39 min | mem 23.6 GB
00:48:08 step 66600/77500 loss 0.298 ema 2.379 lr 2.86e-06 | 0.21 s/step | ETA 39 min | mem 23.6 GB
00:48:18 step 66650/77500 loss 2.435 ema 2.186 lr 2.86e-06 | 0.21 s/step | ETA 39 min | mem 23.6 GB
00:48:26 step 66700/77500 loss 4.866 ema 2.698 lr 2.85e-06 | 0.21 s/step | ETA 38 min | mem 23.6 GB
00:48:34 step 66750/77500 loss 3.159 ema 2.704 lr 2.84e-06 | 0.21 s/step | ETA 38 min | mem 23.6 GB
00:48:44 step 66800/77500 loss 1.909 ema 2.318 lr 2.83e-06 | 0.21 s/step | ETA 38 min | mem 23.6 GB
00:48:52 step 66850/77500 loss 3.267 ema 2.402 lr 2.83e-06 | 0.21 s/step | ETA 38 min | mem 23.6 GB
00:49:01 step 66900/77500 loss 2.928 ema 2.442 lr 2.82e-06 | 0.21 s/step | ETA 38 min | mem 23.6 GB
00:49:10 step 66950/77500 loss 3.150 ema 2.537 lr 2.81e-06 | 0.21 s/step | ETA 38 min | mem 23.6 GB
00:49:18 step 67000/77500 loss 2.776 ema 2.440 lr 2.80e-06 | 0.21 s/step | ETA 37 min | mem 23.6 GB
00:49:39 saved ckpt 81 tensors
00:49:48 step 67050/77500 loss 2.819 ema 2.041 lr 2.80e-06 | 0.21 s/step | ETA 37 min | mem 23.6 GB
00:49:57 step 67100/77500 loss 3.924 ema 2.429 lr 2.79e-06 | 0.21 s/step | ETA 37 min | mem 23.6 GB
00:50:06 step 67150/77500 loss 3.974 ema 2.610 lr 2.78e-06 | 0.21 s/step | ETA 37 min | mem 23.6 GB
00:50:14 step 67200/77500 loss 0.009 ema 2.479 lr 2.77e-06 | 0.21 s/step | ETA 37 min | mem 23.6 GB
00:50:23 step 67250/77500 loss 4.231 ema 2.423 lr 2.77e-06 | 0.21 s/step | ETA 37 min | mem 23.6 GB
00:50:32 step 67300/77500 loss 3.522 ema 2.231 lr 2.76e-06 | 0.21 s/step | ETA 36 min | mem 23.6 GB
00:50:40 step 67350/77500 loss 2.350 ema 2.578 lr 2.75e-06 | 0.21 s/step | ETA 36 min | mem 23.6 GB
00:50:49 step 67400/77500 loss 2.589 ema 2.315 lr 2.74e-06 | 0.21 s/step | ETA 36 min | mem 23.6 GB
00:50:58 step 67450/77500 loss 4.308 ema 2.696 lr 2.74e-06 | 0.21 s/step | ETA 36 min | mem 23.6 GB
00:51:06 step 67500/77500 loss 3.516 ema 2.869 lr 2.73e-06 | 0.21 s/step | ETA 36 min | mem 23.6 GB
00:51:26 saved ckpt 81 tensors
00:51:36 step 67550/77500 loss 1.189 ema 2.777 lr 2.72e-06 | 0.21 s/step | ETA 35 min | mem 23.6 GB
00:51:45 step 67600/77500 loss 3.684 ema 2.822 lr 2.72e-06 | 0.21 s/step | ETA 35 min | mem 23.6 GB
00:51:53 step 67650/77500 loss 2.175 ema 3.125 lr 2.71e-06 | 0.21 s/step | ETA 35 min | mem 23.6 GB
00:52:01 step 67700/77500 loss 2.344 ema 3.104 lr 2.70e-06 | 0.21 s/step | ETA 35 min | mem 23.6 GB
00:52:11 step 67750/77500 loss 3.249 ema 2.799 lr 2.69e-06 | 0.21 s/step | ETA 35 min | mem 23.6 GB
00:52:19 step 67800/77500 loss 1.132 ema 2.275 lr 2.69e-06 | 0.21 s/step | ETA 35 min | mem 23.6 GB
00:52:27 step 67850/77500 loss 3.158 ema 2.435 lr 2.68e-06 | 0.21 s/step | ETA 34 min | mem 23.6 GB
00:52:37 step 67900/77500 loss 2.438 ema 2.799 lr 2.67e-06 | 0.21 s/step | ETA 34 min | mem 23.6 GB
00:52:45 step 67950/77500 loss 3.496 ema 2.768 lr 2.67e-06 | 0.21 s/step | ETA 34 min | mem 23.6 GB
00:52:53 step 68000/77500 loss 2.151 ema 2.792 lr 2.66e-06 | 0.21 s/step | ETA 34 min | mem 23.6 GB
00:53:14 saved ckpt 81 tensors
00:53:24 step 68050/77500 loss 3.306 ema 2.636 lr 2.65e-06 | 0.21 s/step | ETA 34 min | mem 23.6 GB
00:53:32 step 68100/77500 loss 2.864 ema 2.794 lr 2.65e-06 | 0.21 s/step | ETA 34 min | mem 23.6 GB
00:53:40 step 68150/77500 loss 2.381 ema 2.882 lr 2.64e-06 | 0.21 s/step | ETA 33 min | mem 23.6 GB
00:53:50 step 68200/77500 loss 3.943 ema 2.940 lr 2.63e-06 | 0.21 s/step | ETA 33 min | mem 23.6 GB
00:53:58 step 68250/77500 loss 3.243 ema 2.562 lr 2.63e-06 | 0.21 s/step | ETA 33 min | mem 23.6 GB
00:54:06 step 68300/77500 loss 3.773 ema 2.573 lr 2.62e-06 | 0.21 s/step | ETA 33 min | mem 23.6 GB
00:54:14 step 68350/77500 loss 5.421 ema 2.788 lr 2.61e-06 | 0.21 s/step | ETA 33 min | mem 23.6 GB
00:54:24 step 68400/77500 loss 1.150 ema 2.486 lr 2.61e-06 | 0.21 s/step | ETA 32 min | mem 23.6 GB
00:54:32 step 68450/77500 loss 2.360 ema 2.452 lr 2.60e-06 | 0.21 s/step | ETA 32 min | mem 23.6 GB
00:54:41 step 68500/77500 loss 2.882 ema 2.704 lr 2.59e-06 | 0.21 s/step | ETA 32 min | mem 23.6 GB
00:55:01 saved ckpt 81 tensors
00:55:11 step 68550/77500 loss 1.132 ema 1.945 lr 2.59e-06 | 0.21 s/step | ETA 32 min | mem 23.6 GB
00:55:19 step 68600/77500 loss 0.002 ema 2.337 lr 2.58e-06 | 0.21 s/step | ETA 32 min | mem 23.6 GB
00:55:27 step 68650/77500 loss 2.366 ema 2.270 lr 2.57e-06 | 0.21 s/step | ETA 32 min | mem 23.6 GB
00:55:37 step 68700/77500 loss 3.378 ema 2.687 lr 2.57e-06 | 0.21 s/step | ETA 31 min | mem 23.6 GB
00:55:45 step 68750/77500 loss 3.796 ema 2.765 lr 2.56e-06 | 0.21 s/step | ETA 31 min | mem 23.6 GB
00:55:53 step 68800/77500 loss 1.102 ema 2.590 lr 2.55e-06 | 0.21 s/step | ETA 31 min | mem 23.6 GB
00:56:03 step 68850/77500 loss 0.979 ema 2.732 lr 2.55e-06 | 0.21 s/step | ETA 31 min | mem 23.6 GB
00:56:11 step 68900/77500 loss 2.811 ema 2.674 lr 2.54e-06 | 0.21 s/step | ETA 31 min | mem 23.6 GB
00:56:19 step 68950/77500 loss 3.747 ema 2.816 lr 2.54e-06 | 0.21 s/step | ETA 30 min | mem 23.6 GB
00:56:29 step 69000/77500 loss 4.004 ema 2.286 lr 2.53e-06 | 0.21 s/step | ETA 30 min | mem 23.6 GB
00:56:50 saved ckpt 81 tensors
00:56:58 step 69050/77500 loss 3.289 ema 2.594 lr 2.52e-06 | 0.21 s/step | ETA 30 min | mem 23.6 GB
00:57:06 step 69100/77500 loss 3.804 ema 2.540 lr 2.52e-06 | 0.21 s/step | ETA 30 min | mem 23.6 GB
00:57:16 step 69150/77500 loss 1.608 ema 2.180 lr 2.51e-06 | 0.21 s/step | ETA 30 min | mem 23.6 GB
00:57:24 step 69200/77500 loss 1.806 ema 2.319 lr 2.50e-06 | 0.21 s/step | ETA 30 min | mem 23.6 GB
00:57:32 step 69250/77500 loss 4.653 ema 2.484 lr 2.50e-06 | 0.21 s/step | ETA 29 min | mem 23.6 GB
00:57:42 step 69300/77500 loss 0.269 ema 2.304 lr 2.49e-06 | 0.21 s/step | ETA 29 min | mem 23.6 GB
00:57:50 step 69350/77500 loss 3.087 ema 2.379 lr 2.49e-06 | 0.21 s/step | ETA 29 min | mem 23.6 GB
00:57:58 step 69400/77500 loss 2.304 ema 2.123 lr 2.48e-06 | 0.21 s/step | ETA 29 min | mem 23.6 GB
00:58:08 step 69450/77500 loss 4.875 ema 2.599 lr 2.48e-06 | 0.21 s/step | ETA 29 min | mem 23.6 GB
00:58:16 step 69500/77500 loss 3.325 ema 2.468 lr 2.47e-06 | 0.21 s/step | ETA 28 min | mem 23.6 GB
00:58:37 saved ckpt 81 tensors
00:58:45 step 69550/77500 loss 3.356 ema 2.841 lr 2.46e-06 | 0.21 s/step | ETA 28 min | mem 23.6 GB
00:58:55 step 69600/77500 loss 0.101 ema 2.694 lr 2.46e-06 | 0.21 s/step | ETA 28 min | mem 23.6 GB
00:59:03 step 69650/77500 loss 3.023 ema 2.740 lr 2.45e-06 | 0.21 s/step | ETA 28 min | mem 23.6 GB
00:59:11 step 69700/77500 loss 1.900 ema 2.290 lr 2.45e-06 | 0.21 s/step | ETA 28 min | mem 23.6 GB
00:59:20 step 69750/77500 loss 1.971 ema 2.349 lr 2.44e-06 | 0.21 s/step | ETA 28 min | mem 23.6 GB
00:59:28 step 69800/77500 loss 3.089 ema 2.415 lr 2.43e-06 | 0.21 s/step | ETA 27 min | mem 23.6 GB
00:59:36 step 69850/77500 loss 0.917 ema 2.145 lr 2.43e-06 | 0.21 s/step | ETA 27 min | mem 23.6 GB
00:59:46 step 69900/77500 loss 1.953 ema 2.436 lr 2.42e-06 | 0.21 s/step | ETA 27 min | mem 23.6 GB
00:59:54 step 69950/77500 loss 3.984 ema 2.542 lr 2.42e-06 | 0.21 s/step | ETA 27 min | mem 23.6 GB
01:00:02 step 70000/77500 loss 2.224 ema 2.439 lr 2.41e-06 | 0.21 s/step | ETA 27 min | mem 23.6 GB
01:00:23 saved ckpt 81 tensors
01:00:33 step 70050/77500 loss 1.988 ema 2.735 lr 2.41e-06 | 0.21 s/step | ETA 27 min | mem 23.6 GB
01:00:41 step 70100/77500 loss 2.318 ema 2.641 lr 2.40e-06 | 0.21 s/step | ETA 26 min | mem 23.6 GB
01:00:49 step 70150/77500 loss 2.659 ema 2.580 lr 2.40e-06 | 0.21 s/step | ETA 26 min | mem 23.6 GB
01:00:59 step 70200/77500 loss 3.377 ema 2.317 lr 2.39e-06 | 0.21 s/step | ETA 26 min | mem 23.6 GB
01:01:07 step 70250/77500 loss 2.664 ema 2.351 lr 2.39e-06 | 0.21 s/step | ETA 26 min | mem 23.6 GB
01:01:17 step 70300/77500 loss 3.969 ema 2.509 lr 2.38e-06 | 0.21 s/step | ETA 26 min | mem 23.6 GB
01:01:25 step 70350/77500 loss 1.660 ema 2.211 lr 2.38e-06 | 0.21 s/step | ETA 25 min | mem 23.6 GB
01:01:33 step 70400/77500 loss 2.523 ema 2.352 lr 2.37e-06 | 0.21 s/step | ETA 25 min | mem 23.6 GB
01:01:43 step 70450/77500 loss 2.645 ema 2.667 lr 2.37e-06 | 0.21 s/step | ETA 25 min | mem 23.6 GB
01:01:51 step 70500/77500 loss 2.945 ema 2.008 lr 2.36e-06 | 0.21 s/step | ETA 25 min | mem 23.6 GB
01:02:11 saved ckpt 81 tensors
01:02:20 step 70550/77500 loss 1.411 ema 2.512 lr 2.35e-06 | 0.21 s/step | ETA 25 min | mem 23.6 GB
01:02:29 step 70600/77500 loss 2.672 ema 2.225 lr 2.35e-06 | 0.21 s/step | ETA 25 min | mem 23.6 GB
01:02:38 step 70650/77500 loss 2.256 ema 2.352 lr 2.34e-06 | 0.21 s/step | ETA 24 min | mem 23.6 GB
01:02:46 step 70700/77500 loss 3.452 ema 2.620 lr 2.34e-06 | 0.21 s/step | ETA 24 min | mem 23.6 GB
01:02:55 step 70750/77500 loss 2.741 ema 2.440 lr 2.33e-06 | 0.21 s/step | ETA 24 min | mem 23.6 GB
01:03:04 step 70800/77500 loss 2.142 ema 2.479 lr 2.33e-06 | 0.21 s/step | ETA 24 min | mem 23.6 GB
01:03:12 step 70850/77500 loss 3.392 ema 2.674 lr 2.33e-06 | 0.21 s/step | ETA 24 min | mem 23.6 GB
01:03:21 step 70900/77500 loss 1.019 ema 2.627 lr 2.32e-06 | 0.21 s/step | ETA 24 min | mem 23.6 GB
01:03:29 step 70950/77500 loss 2.662 ema 2.135 lr 2.32e-06 | 0.21 s/step | ETA 23 min | mem 23.6 GB
01:03:37 step 71000/77500 loss 0.835 ema 2.326 lr 2.31e-06 | 0.21 s/step | ETA 23 min | mem 23.6 GB
01:03:58 saved ckpt 81 tensors
01:04:09 step 71050/77500 loss 2.759 ema 2.248 lr 2.31e-06 | 0.21 s/step | ETA 23 min | mem 23.6 GB
01:04:17 step 71100/77500 loss 3.529 ema 2.547 lr 2.30e-06 | 0.21 s/step | ETA 23 min | mem 23.6 GB
01:04:25 step 71150/77500 loss 0.696 ema 2.568 lr 2.30e-06 | 0.21 s/step | ETA 23 min | mem 23.6 GB
01:04:35 step 71200/77500 loss 0.011 ema 2.713 lr 2.29e-06 | 0.21 s/step | ETA 22 min | mem 23.6 GB
01:04:43 step 71250/77500 loss 2.850 ema 2.764 lr 2.29e-06 | 0.21 s/step | ETA 22 min | mem 23.6 GB
01:04:51 step 71300/77500 loss 2.401 ema 2.342 lr 2.28e-06 | 0.21 s/step | ETA 22 min | mem 23.6 GB
01:04:59 step 71350/77500 loss 2.290 ema 2.487 lr 2.28e-06 | 0.21 s/step | ETA 22 min | mem 23.6 GB
01:05:09 step 71400/77500 loss 1.898 ema 2.217 lr 2.27e-06 | 0.21 s/step | ETA 22 min | mem 23.6 GB
01:05:17 step 71450/77500 loss 4.612 ema 2.795 lr 2.27e-06 | 0.21 s/step | ETA 22 min | mem 23.6 GB
01:05:25 step 71500/77500 loss 2.794 ema 2.911 lr 2.26e-06 | 0.21 s/step | ETA 21 min | mem 23.6 GB
01:05:46 saved ckpt 81 tensors
01:05:56 step 71550/77500 loss 1.231 ema 2.868 lr 2.26e-06 | 0.21 s/step | ETA 21 min | mem 23.6 GB
01:06:04 step 71600/77500 loss 1.879 ema 2.536 lr 2.26e-06 | 0.21 s/step | ETA 21 min | mem 23.6 GB
01:06:12 step 71650/77500 loss 1.778 ema 2.574 lr 2.25e-06 | 0.21 s/step | ETA 21 min | mem 23.6 GB
01:06:22 step 71700/77500 loss 2.948 ema 2.308 lr 2.25e-06 | 0.21 s/step | ETA 21 min | mem 23.6 GB
01:06:30 step 71750/77500 loss 0.805 ema 2.436 lr 2.24e-06 | 0.21 s/step | ETA 20 min | mem 23.6 GB
01:06:38 step 71800/77500 loss 1.432 ema 2.706 lr 2.24e-06 | 0.21 s/step | ETA 20 min | mem 23.6 GB
01:06:48 step 71850/77500 loss 1.915 ema 2.294 lr 2.24e-06 | 0.21 s/step | ETA 20 min | mem 23.6 GB
01:06:56 step 71900/77500 loss 2.979 ema 2.699 lr 2.23e-06 | 0.21 s/step | ETA 20 min | mem 23.6 GB
01:07:04 step 71950/77500 loss 4.699 ema 3.115 lr 2.23e-06 | 0.21 s/step | ETA 20 min | mem 23.6 GB
01:07:13 step 72000/77500 loss 3.301 ema 2.442 lr 2.22e-06 | 0.21 s/step | ETA 20 min | mem 23.6 GB
01:07:33 saved ckpt 81 tensors
01:07:42 step 72050/77500 loss 3.322 ema 2.521 lr 2.22e-06 | 0.21 s/step | ETA 19 min | mem 23.6 GB
01:07:50 step 72100/77500 loss 3.611 ema 2.384 lr 2.21e-06 | 0.21 s/step | ETA 19 min | mem 23.6 GB
01:08:00 step 72150/77500 loss 2.705 ema 2.751 lr 2.21e-06 | 0.21 s/step | ETA 19 min | mem 23.6 GB
01:08:08 step 72200/77500 loss 2.796 ema 2.387 lr 2.21e-06 | 0.21 s/step | ETA 19 min | mem 23.6 GB
01:08:16 step 72250/77500 loss 3.607 ema 2.623 lr 2.20e-06 | 0.21 s/step | ETA 19 min | mem 23.6 GB
01:08:25 step 72300/77500 loss 1.870 ema 2.792 lr 2.20e-06 | 0.21 s/step | ETA 19 min | mem 23.6 GB
01:08:33 step 72350/77500 loss 3.460 ema 2.987 lr 2.20e-06 | 0.21 s/step | ETA 18 min | mem 23.6 GB
01:08:42 step 72400/77500 loss 2.690 ema 2.564 lr 2.19e-06 | 0.21 s/step | ETA 18 min | mem 23.6 GB
01:08:51 step 72450/77500 loss 3.519 ema 2.568 lr 2.19e-06 | 0.21 s/step | ETA 18 min | mem 23.6 GB
01:08:59 step 72500/77500 loss 1.110 ema 2.699 lr 2.18e-06 | 0.21 s/step | ETA 18 min | mem 23.6 GB
01:09:20 saved ckpt 81 tensors
01:09:29 step 72550/77500 loss 2.190 ema 2.743 lr 2.18e-06 | 0.21 s/step | ETA 18 min | mem 23.6 GB
01:09:38 step 72600/77500 loss 3.192 ema 2.843 lr 2.18e-06 | 0.21 s/step | ETA 17 min | mem 23.6 GB
01:09:46 step 72650/77500 loss 2.777 ema 2.745 lr 2.17e-06 | 0.21 s/step | ETA 17 min | mem 23.6 GB
01:09:54 step 72700/77500 loss 1.335 ema 2.574 lr 2.17e-06 | 0.21 s/step | ETA 17 min | mem 23.6 GB
01:10:04 step 72750/77500 loss 3.480 ema 2.681 lr 2.17e-06 | 0.21 s/step | ETA 17 min | mem 23.6 GB
01:10:12 step 72800/77500 loss 1.858 ema 2.554 lr 2.16e-06 | 0.21 s/step | ETA 17 min | mem 23.6 GB
01:10:22 step 72850/77500 loss 1.988 ema 2.456 lr 2.16e-06 | 0.21 s/step | ETA 17 min | mem 23.6 GB
01:10:30 step 72900/77500 loss 3.747 ema 2.573 lr 2.16e-06 | 0.21 s/step | ETA 16 min | mem 23.6 GB
01:10:38 step 72950/77500 loss 0.247 ema 2.347 lr 2.15e-06 | 0.21 s/step | ETA 16 min | mem 23.6 GB
01:10:46 step 73000/77500 loss 2.214 ema 2.207 lr 2.15e-06 | 0.21 s/step | ETA 16 min | mem 23.6 GB
01:11:07 saved ckpt 81 tensors
01:11:17 step 73050/77500 loss 3.917 ema 2.786 lr 2.15e-06 | 0.21 s/step | ETA 16 min | mem 23.6 GB
01:11:25 step 73100/77500 loss 1.827 ema 2.504 lr 2.14e-06 | 0.21 s/step | ETA 16 min | mem 23.6 GB
01:11:33 step 73150/77500 loss 3.772 ema 2.418 lr 2.14e-06 | 0.21 s/step | ETA 16 min | mem 23.6 GB
01:11:43 step 73200/77500 loss 3.236 ema 2.391 lr 2.14e-06 | 0.21 s/step | ETA 15 min | mem 23.6 GB
01:11:51 step 73250/77500 loss 1.400 ema 2.547 lr 2.13e-06 | 0.21 s/step | ETA 15 min | mem 23.6 GB
01:12:01 step 73300/77500 loss 2.856 ema 2.635 lr 2.13e-06 | 0.21 s/step | ETA 15 min | mem 23.6 GB
01:12:09 step 73350/77500 loss 3.244 ema 2.769 lr 2.13e-06 | 0.21 s/step | ETA 15 min | mem 23.6 GB
01:12:17 step 73400/77500 loss 4.030 ema 2.668 lr 2.12e-06 | 0.21 s/step | ETA 15 min | mem 23.6 GB
01:12:26 step 73450/77500 loss 2.446 ema 2.327 lr 2.12e-06 | 0.21 s/step | ETA 14 min | mem 23.6 GB
01:12:34 step 73500/77500 loss 3.136 ema 2.341 lr 2.12e-06 | 0.21 s/step | ETA 14 min | mem 23.6 GB
01:12:55 saved ckpt 81 tensors
01:13:03 step 73550/77500 loss 0.001 ema 2.369 lr 2.12e-06 | 0.21 s/step | ETA 14 min | mem 23.6 GB
01:13:13 step 73600/77500 loss 2.945 ema 2.405 lr 2.11e-06 | 0.21 s/step | ETA 14 min | mem 23.6 GB
01:13:21 step 73650/77500 loss 3.454 ema 2.234 lr 2.11e-06 | 0.21 s/step | ETA 14 min | mem 23.6 GB
01:13:29 step 73700/77500 loss 3.534 ema 2.536 lr 2.11e-06 | 0.21 s/step | ETA 14 min | mem 23.6 GB
01:13:39 step 73750/77500 loss 3.311 ema 2.539 lr 2.10e-06 | 0.21 s/step | ETA 13 min | mem 23.6 GB
01:13:47 step 73800/77500 loss 1.223 ema 2.543 lr 2.10e-06 | 0.21 s/step | ETA 13 min | mem 23.6 GB
01:13:55 step 73850/77500 loss 2.843 ema 2.195 lr 2.10e-06 | 0.21 s/step | ETA 13 min | mem 23.6 GB
01:14:05 step 73900/77500 loss 1.995 ema 2.614 lr 2.10e-06 | 0.21 s/step | ETA 13 min | mem 23.6 GB
01:14:13 step 73950/77500 loss 2.101 ema 2.630 lr 2.09e-06 | 0.21 s/step | ETA 13 min | mem 23.6 GB
01:14:21 step 74000/77500 loss 2.686 ema 2.606 lr 2.09e-06 | 0.21 s/step | ETA 12 min | mem 23.6 GB
01:14:42 saved ckpt 81 tensors
01:14:50 step 74050/77500 loss 2.170 ema 2.337 lr 2.09e-06 | 0.21 s/step | ETA 12 min | mem 23.6 GB
01:14:59 step 74100/77500 loss 3.008 ema 2.686 lr 2.09e-06 | 0.21 s/step | ETA 12 min | mem 23.6 GB
01:15:07 step 74150/77500 loss 3.485 ema 2.453 lr 2.08e-06 | 0.21 s/step | ETA 12 min | mem 23.6 GB
01:15:17 step 74200/77500 loss 2.739 ema 2.300 lr 2.08e-06 | 0.21 s/step | ETA 12 min | mem 23.6 GB
01:15:25 step 74250/77500 loss 2.120 ema 2.271 lr 2.08e-06 | 0.21 s/step | ETA 12 min | mem 23.6 GB
01:15:33 step 74300/77500 loss 3.249 ema 2.347 lr 2.08e-06 | 0.21 s/step | ETA 11 min | mem 23.6 GB
01:15:43 step 74350/77500 loss 2.651 ema 2.544 lr 2.07e-06 | 0.21 s/step | ETA 11 min | mem 23.6 GB
01:15:51 step 74400/77500 loss 2.405 ema 2.569 lr 2.07e-06 | 0.21 s/step | ETA 11 min | mem 23.6 GB
01:15:59 step 74450/77500 loss 2.488 ema 2.643 lr 2.07e-06 | 0.21 s/step | ETA 11 min | mem 23.6 GB
01:16:09 step 74500/77500 loss 1.357 ema 2.549 lr 2.07e-06 | 0.21 s/step | ETA 11 min | mem 23.6 GB
01:16:29 saved ckpt 81 tensors
01:16:38 step 74550/77500 loss 3.859 ema 2.644 lr 2.06e-06 | 0.21 s/step | ETA 11 min | mem 23.6 GB
01:16:46 step 74600/77500 loss 0.717 ema 2.696 lr 2.06e-06 | 0.21 s/step | ETA 10 min | mem 23.6 GB
01:16:56 step 74650/77500 loss 3.379 ema 2.426 lr 2.06e-06 | 0.21 s/step | ETA 10 min | mem 23.6 GB
01:17:04 step 74700/77500 loss 0.816 ema 2.060 lr 2.06e-06 | 0.21 s/step | ETA 10 min | mem 23.6 GB
01:17:12 step 74750/77500 loss 1.831 ema 2.236 lr 2.06e-06 | 0.21 s/step | ETA 10 min | mem 23.6 GB
01:17:22 step 74800/77500 loss 3.687 ema 2.568 lr 2.05e-06 | 0.21 s/step | ETA 10 min | mem 23.6 GB
01:17:30 step 74850/77500 loss 2.105 ema 2.387 lr 2.05e-06 | 0.21 s/step | ETA 9 min | mem 23.6 GB
01:17:38 step 74900/77500 loss 0.969 ema 2.147 lr 2.05e-06 | 0.21 s/step | ETA 9 min | mem 23.6 GB
01:17:48 step 74950/77500 loss 2.617 ema 2.215 lr 2.05e-06 | 0.21 s/step | ETA 9 min | mem 23.6 GB
01:17:56 step 75000/77500 loss 1.968 ema 2.559 lr 2.05e-06 | 0.21 s/step | ETA 9 min | mem 23.6 GB
01:18:16 saved ckpt 81 tensors
01:18:25 step 75050/77500 loss 3.063 ema 2.563 lr 2.04e-06 | 0.21 s/step | ETA 9 min | mem 23.6 GB
01:18:35 step 75100/77500 loss 4.081 ema 2.342 lr 2.04e-06 | 0.21 s/step | ETA 9 min | mem 23.6 GB
01:18:43 step 75150/77500 loss 3.570 ema 2.730 lr 2.04e-06 | 0.21 s/step | ETA 8 min | mem 23.6 GB
01:18:51 step 75200/77500 loss 1.830 ema 3.111 lr 2.04e-06 | 0.21 s/step | ETA 8 min | mem 23.6 GB
01:19:01 step 75250/77500 loss 2.489 ema 2.653 lr 2.04e-06 | 0.21 s/step | ETA 8 min | mem 23.6 GB
01:19:09 step 75300/77500 loss 3.207 ema 2.600 lr 2.04e-06 | 0.21 s/step | ETA 8 min | mem 23.6 GB
01:19:17 step 75350/77500 loss 2.101 ema 2.577 lr 2.03e-06 | 0.21 s/step | ETA 8 min | mem 23.6 GB
01:19:25 step 75400/77500 loss 1.140 ema 2.506 lr 2.03e-06 | 0.21 s/step | ETA 7 min | mem 23.6 GB
01:19:35 step 75450/77500 loss 1.025 ema 2.553 lr 2.03e-06 | 0.21 s/step | ETA 7 min | mem 23.6 GB
01:19:43 step 75500/77500 loss 2.686 ema 2.636 lr 2.03e-06 | 0.21 s/step | ETA 7 min | mem 23.6 GB
01:20:03 saved ckpt 81 tensors
01:20:12 step 75550/77500 loss 2.922 ema 2.581 lr 2.03e-06 | 0.21 s/step | ETA 7 min | mem 23.6 GB
01:20:22 step 75600/77500 loss 0.000 ema 2.285 lr 2.03e-06 | 0.21 s/step | ETA 7 min | mem 23.6 GB
01:20:30 step 75650/77500 loss 2.826 ema 2.688 lr 2.03e-06 | 0.21 s/step | ETA 7 min | mem 23.6 GB
01:20:38 step 75700/77500 loss 2.623 ema 2.352 lr 2.02e-06 | 0.21 s/step | ETA 6 min | mem 23.6 GB
01:20:48 step 75750/77500 loss 3.214 ema 2.440 lr 2.02e-06 | 0.21 s/step | ETA 6 min | mem 23.6 GB
01:20:56 step 75800/77500 loss 1.891 ema 2.465 lr 2.02e-06 | 0.21 s/step | ETA 6 min | mem 23.6 GB
01:21:04 step 75850/77500 loss 2.187 ema 2.809 lr 2.02e-06 | 0.21 s/step | ETA 6 min | mem 23.6 GB
01:21:12 step 75900/77500 loss 2.388 ema 2.625 lr 2.02e-06 | 0.21 s/step | ETA 6 min | mem 23.6 GB
01:21:20 step 75950/77500 loss 2.997 ema 2.650 lr 2.02e-06 | 0.21 s/step | ETA 6 min | mem 23.6 GB
01:21:28 step 76000/77500 loss 4.573 ema 2.369 lr 2.02e-06 | 0.21 s/step | ETA 5 min | mem 23.6 GB
01:21:49 saved ckpt 81 tensors
01:21:59 step 76050/77500 loss 1.315 ema 2.050 lr 2.02e-06 | 0.21 s/step | ETA 5 min | mem 23.6 GB
01:22:07 step 76100/77500 loss 4.166 ema 2.651 lr 2.01e-06 | 0.21 s/step | ETA 5 min | mem 23.6 GB
01:22:15 step 76150/77500 loss 2.671 ema 2.741 lr 2.01e-06 | 0.21 s/step | ETA 5 min | mem 23.6 GB
01:22:25 step 76200/77500 loss 2.661 ema 2.537 lr 2.01e-06 | 0.21 s/step | ETA 5 min | mem 23.6 GB
01:22:33 step 76250/77500 loss 2.982 ema 2.337 lr 2.01e-06 | 0.21 s/step | ETA 4 min | mem 23.6 GB
01:22:41 step 76300/77500 loss 3.772 ema 2.757 lr 2.01e-06 | 0.21 s/step | ETA 4 min | mem 23.6 GB
01:22:51 step 76350/77500 loss 2.509 ema 2.588 lr 2.01e-06 | 0.21 s/step | ETA 4 min | mem 23.6 GB
01:22:59 step 76400/77500 loss 2.559 ema 2.701 lr 2.01e-06 | 0.21 s/step | ETA 4 min | mem 23.6 GB
01:23:08 step 76450/77500 loss 2.677 ema 2.746 lr 2.01e-06 | 0.21 s/step | ETA 4 min | mem 23.6 GB
01:23:17 step 76500/77500 loss 2.368 ema 2.542 lr 2.01e-06 | 0.21 s/step | ETA 4 min | mem 23.6 GB
01:23:38 saved ckpt 81 tensors
01:23:46 step 76550/77500 loss 3.616 ema 2.539 lr 2.01e-06 | 0.21 s/step | ETA 3 min | mem 23.6 GB
01:23:54 step 76600/77500 loss 3.230 ema 2.105 lr 2.01e-06 | 0.21 s/step | ETA 3 min | mem 23.6 GB
01:24:03 step 76650/77500 loss 2.740 ema 2.511 lr 2.01e-06 | 0.21 s/step | ETA 3 min | mem 23.6 GB
01:24:12 step 76700/77500 loss 3.506 ema 2.443 lr 2.00e-06 | 0.21 s/step | ETA 3 min | mem 23.6 GB
01:24:21 step 76750/77500 loss 2.696 ema 2.459 lr 2.00e-06 | 0.21 s/step | ETA 3 min | mem 23.6 GB
01:24:29 step 76800/77500 loss 2.516 ema 2.803 lr 2.00e-06 | 0.21 s/step | ETA 2 min | mem 23.6 GB
01:24:39 step 76850/77500 loss 3.231 ema 2.904 lr 2.00e-06 | 0.21 s/step | ETA 2 min | mem 23.6 GB
01:24:47 step 76900/77500 loss 3.058 ema 2.987 lr 2.00e-06 | 0.21 s/step | ETA 2 min | mem 23.6 GB
01:24:55 step 76950/77500 loss 1.418 ema 2.886 lr 2.00e-06 | 0.21 s/step | ETA 2 min | mem 23.6 GB
01:25:05 step 77000/77500 loss 1.976 ema 2.851 lr 2.00e-06 | 0.21 s/step | ETA 2 min | mem 23.6 GB
01:25:26 saved ckpt 81 tensors
01:25:34 step 77050/77500 loss 3.182 ema 2.620 lr 2.00e-06 | 0.21 s/step | ETA 2 min | mem 23.6 GB
01:25:43 step 77100/77500 loss 2.199 ema 2.755 lr 2.00e-06 | 0.21 s/step | ETA 1 min | mem 23.6 GB
01:25:52 step 77150/77500 loss 2.811 ema 2.762 lr 2.00e-06 | 0.21 s/step | ETA 1 min | mem 23.6 GB
01:26:01 step 77200/77500 loss 1.673 ema 2.814 lr 2.00e-06 | 0.21 s/step | ETA 1 min | mem 23.6 GB
01:26:09 step 77250/77500 loss 3.437 ema 2.604 lr 2.00e-06 | 0.21 s/step | ETA 1 min | mem 23.6 GB
01:26:18 step 77300/77500 loss 3.337 ema 2.526 lr 2.00e-06 | 0.21 s/step | ETA 1 min | mem 23.6 GB
01:26:26 step 77350/77500 loss 0.101 ema 2.495 lr 2.00e-06 | 0.21 s/step | ETA 1 min | mem 23.6 GB
01:26:34 step 77400/77500 loss 3.015 ema 2.561 lr 2.00e-06 | 0.21 s/step | ETA 0 min | mem 23.6 GB
01:26:44 step 77450/77500 loss 2.510 ema 2.697 lr 2.00e-06 | 0.21 s/step | ETA 0 min | mem 23.6 GB
01:26:52 step 77500/77500 loss 3.978 ema 2.843 lr 2.00e-06 | 0.21 s/step | ETA 0 min | mem 23.6 GB
01:27:13 saved ckpt 81 tensors
01:27:18 saved final 81 tensors
01:27:19 [eval after] blocks 626 | per-position match [0.8, 0.617, 0.522, 0.439, 0.358, 0.307, 0.284] | tokens/cycle 3.62 (ratio 0.375)
